/*
 Navicat Premium Data Transfer

 Source Server         : GIS
 Source Server Type    : MySQL
 Source Server Version : 50561
 Source Host           : localhost:3306
 Source Schema         : wugis

 Target Server Type    : MySQL
 Target Server Version : 50561
 File Encoding         : 65001

 Date: 26/08/2018 17:31:34
*/

SET NAMES utf8mb4;
SET FOREIGN_KEY_CHECKS = 0;

-- ----------------------------
-- Table structure for dept_info
-- ----------------------------
DROP TABLE IF EXISTS `dept_info`;
CREATE TABLE `dept_info`  (
  `Dept_Id` int(11) NOT NULL AUTO_INCREMENT,
  `Organ_Id` int(11) DEFAULT NULL,
  `Dept_Name` varchar(20) CHARACTER SET utf8 COLLATE utf8_general_ci NOT NULL,
  PRIMARY KEY (`Dept_Id`) USING BTREE,
  INDEX `FK_Dept_Organization`(`Organ_Id`) USING BTREE,
  CONSTRAINT `FK_Dept_Organization` FOREIGN KEY (`Organ_Id`) REFERENCES `organization` (`Organ_Id`) ON DELETE CASCADE ON UPDATE CASCADE
) ENGINE = InnoDB AUTO_INCREMENT = 58 CHARACTER SET = utf8 COLLATE = utf8_general_ci ROW_FORMAT = Compact;

-- ----------------------------
-- Records of dept_info
-- ----------------------------
INSERT INTO `dept_info` VALUES (1, 6, '人事部');
INSERT INTO `dept_info` VALUES (2, 1, '财务部');
INSERT INTO `dept_info` VALUES (3, 1, '组织部');
INSERT INTO `dept_info` VALUES (4, 1, '行政部');
INSERT INTO `dept_info` VALUES (5, 2, '人事部');
INSERT INTO `dept_info` VALUES (6, 2, '财务部');
INSERT INTO `dept_info` VALUES (7, 2, '行政部');
INSERT INTO `dept_info` VALUES (8, 3, '财务部');
INSERT INTO `dept_info` VALUES (9, 3, '人事部');
INSERT INTO `dept_info` VALUES (10, 3, '行政部');
INSERT INTO `dept_info` VALUES (11, 4, '财务部');
INSERT INTO `dept_info` VALUES (12, 4, '人事部');
INSERT INTO `dept_info` VALUES (13, 4, '行政部');
INSERT INTO `dept_info` VALUES (14, 5, '人事部');
INSERT INTO `dept_info` VALUES (15, 5, '财务部');
INSERT INTO `dept_info` VALUES (43, 55, '人事部');
INSERT INTO `dept_info` VALUES (44, 55, '财务部');
INSERT INTO `dept_info` VALUES (56, 4, '组织部');
INSERT INTO `dept_info` VALUES (57, 56, '组织部');

-- ----------------------------
-- Table structure for inform_info
-- ----------------------------
DROP TABLE IF EXISTS `inform_info`;
CREATE TABLE `inform_info`  (
  `inform_id` int(11) NOT NULL AUTO_INCREMENT,
  `infotitle` varchar(500) CHARACTER SET utf8 COLLATE utf8_general_ci NOT NULL,
  `infoname` varchar(500) CHARACTER SET utf8 COLLATE utf8_general_ci NOT NULL,
  `infocontext` text CHARACTER SET utf8 COLLATE utf8_general_ci NOT NULL,
  `infotime` varchar(200) CHARACTER SET utf8 COLLATE utf8_general_ci NOT NULL,
  `keyword` varchar(500) CHARACTER SET utf8 COLLATE utf8_general_ci DEFAULT NULL,
  `hot` bit(1) NOT NULL,
  PRIMARY KEY (`inform_id`) USING BTREE
) ENGINE = InnoDB AUTO_INCREMENT = 136 CHARACTER SET = utf8 COLLATE = utf8_general_ci ROW_FORMAT = Compact;

-- ----------------------------
-- Records of inform_info
-- ----------------------------
INSERT INTO `inform_info` VALUES (14, '关于开展2017-2018-2学期学生评教工作的通知', '宣传部', '<p><span class=\"ql-size-large\">各学生班级：</span></p><p class=\"ql-align-justify\"><span class=\"ql-size-large\">学生评教是学校诊断、评价、反馈本科课堂教学质量的重要措施之一，是学生参与教学管理的重要途径。根据本学期教学工作安排，定于2018年6月15日8:30—6月25日24:00开展学生评教工作，现将有关事项通知如下：</span></p><p class=\"ql-align-justify\"><span class=\"ql-size-large\">1.评教程序：登录“本科教务管理系统”→点击“教学质量评价”→点击评教课程名称，进入该课程评价界面，即可对该课程进行评价。请对各类课程任课教师逐一进行评价，逐一保存。</span></p><p class=\"ql-align-justify\"><span class=\"ql-size-large\">2.评教时若无法保存，可能有两个原因：一是课程评价全选同一选项（如全选“优”），系统提示“评价分数全部一样，不符合要求，请您重新评价”；二是某评价指标漏评，系统提示“评过的教师必须评完”。所有课程评完后点击“提交”即可，提交后将不能修改评教结果。</span></p><p class=\"ql-align-justify\"><span class=\"ql-size-large\">3.为了更好反映教师的课堂教学效果，请同学们除了用选项评价外，建议多用</span><strong class=\"ql-size-large\">文字性描述</strong><span class=\"ql-size-large\">对授课教师进行评价。</span></p><p class=\"ql-align-justify\"><span class=\"ql-size-large\">4.学生评教与考试成绩查询挂钩。若漏评或评教提交不成功，都视为未完成学生评教，不能查看相关课程的成绩，所以请同学们务必在规定时间内完成学生评教。</span></p><p class=\"ql-align-justify\"><br></p><p class=\"ql-align-justify\"><br></p><p><br></p><p><span class=\"ql-size-large\">教务处</span></p><p><span class=\"ql-size-large\">2018年6月7日</span></p>', '2018-08-26   17:09:06', '评教', b'0');
INSERT INTO `inform_info` VALUES (15, '关于做好2018年上半年普通话测前培训的通知', '宣传部', '<p><strong style=\"color: rgb(51, 51, 51);\" class=\"ql-size-large\">各学院：</strong></p><p><span class=\"ql-size-large\">	</span><strong style=\"color: rgb(51, 51, 51);\" class=\"ql-size-large\">为确保计算机辅助普通话水平测试工作顺利开展，按照“先培训后测试”、“不培训不测试”规定，学校邀请国家级、省级普通话水平测试员举办普通话测前培训，讲授内容包括普通话语音基础、测评要求和机测流程等。</strong></p><p><span class=\"ql-size-large\">	</span><strong style=\"color: rgb(51, 51, 51);\" class=\"ql-size-large\">请各学院及时通知2018年上半年已报名普通话测试的考生，按照规定的时间到相应课堂参加培训，教职工与本科生在同一课堂，具体安排见附表。</strong></p><p><span class=\"ql-size-large\">	</span><strong style=\"color: rgb(51, 51, 51);\" class=\"ql-size-large\">此次共开设13个平行课堂，每个课堂讲授内容相同，</strong><strong style=\"color: red;\" class=\"ql-size-large\">培训时间为一天（8学时）</strong><strong style=\"color: rgb(51, 51, 51);\" class=\"ql-size-large\">，上午8:30开始上课，下午2:00开始上课。</strong></p><p><span class=\"ql-size-large\">	</span></p><p class=\"ql-align-right\"><span class=\"ql-size-large\">	</span><strong style=\"color: rgb(51, 51, 51);\" class=\"ql-size-large\">华中农业大学语言文字工作委员会办公室</strong></p><p class=\"ql-align-right\"><strong style=\"color: rgb(51, 51, 51);\" class=\"ql-size-large\">2018年3月27日</strong></p><p class=\"ql-align-center\"><br></p>', '2018-08-26   17:09:00', '水平测试', b'1');
INSERT INTO `inform_info` VALUES (19, '资源与环境学院2018年度民主评议会 活动方案', '杨之', '<p><strong class=\"ql-size-large\">一、活动宗旨</strong></p><p><span class=\"ql-size-large\">	为了促进学校、学院以及党建团委学生会各部门与班级之间的交流，也为了让学校、学院和党团学更好地为大家服务，让同学们更好地学习和生活，我们特此举办此次活动以方便各班同学对校部、院部和党团学提出意见和建议，促使学校、学院更好的发展，党团学更好地为大家服务和发展。</span></p><p><strong class=\"ql-size-large\">二、活动主题</strong></p><p><span class=\"ql-size-large\">	抒心中所想，建美好资环。</span></p><p><strong class=\"ql-size-large\">三、与会人员</strong></p><p><span class=\"ql-size-large\">	团学代表 党团学各部长</span></p><p><strong class=\"ql-size-large\">四、活动内容</strong></p><p><span class=\"ql-size-large\">	民主评议会是一次由各组团学代表以提案的形式向学校、学院以及党团学各部门反映同学们的意见及建议的会议。各部门会对反映的问题进行解答，并采纳合理的意见及建议，随即进行部门工作的调整。反映至院部的问题，院部也会看具体情况进行改正。而针对校部的提案我们也会经过整理，并提出一些学院对这个提案的想法之后反馈给学校进行解决。</span></p><p><strong class=\"ql-size-large\">五、活动流程</strong></p><p><span class=\"ql-size-large\">	</span><strong class=\"ql-size-large\">前期</strong></p><p><span class=\"ql-size-large\">	1.前期宣传：</span></p><p><span class=\"ql-size-large\">	在QQ、微信公众号上做好宣传工作。</span></p><p><span class=\"ql-size-large\">	2.征集提案：</span></p><p><span class=\"ql-size-large\">	将团学代表分组，各组团学代表组织动员对应的班级同学积极提出在过去一年内对学校、学院以及党团学各部门工作的意见和建议，进行汇总。每组至少提出一个提案，由团学代表结合班级同学意见拟定解决方案，并将其填入提案表中，于截止日期前上交。</span></p><p><span class=\"ql-size-large\">	提案要求有一位团学代表为提案人，其余为附议人。</span></p><p><span class=\"ql-size-large\">	</span><strong class=\"ql-size-large\">中期</strong></p><p><span class=\"ql-size-large\">	1.党团学内部分析讨论：</span></p><p><span class=\"ql-size-large\">	办公室根据各组团学代表上交的提案进行整理后发送至对应部门，并就评议会上未解决的问题商议讨论并做出整改措施。</span></p><p><span class=\"ql-size-large\">	2.活动于6月3日19：00在资环楼204会议室正式开始。</span></p><p><span class=\"ql-size-large\">	3.阐明此次会议目的及意义,介绍会议参与人员及流程。</span></p><p><span class=\"ql-size-large\">	4.现场的问题解答：</span></p><p><span class=\"ql-size-large\">	会议现场由各组团学代表提出提案，相应部门对此提案进行合理解答，并进一步做好合理的实施方案。</span></p><p><span class=\"ql-size-large\">	5.由辅导员老师总结会议。</span></p><p><span class=\"ql-size-large\">	6.工作人员做好会议记录。</span></p><p><span class=\"ql-size-large\">	</span><strong class=\"ql-size-large\">后期</strong></p><p><span class=\"ql-size-large\">	会议问题及整改措施的公示。</span></p><p><strong class=\"ql-size-large\">六、活动时间</strong></p><p><span class=\"ql-size-large\">	问题和意见的征集时间：5月26日至5月30日22：00</span></p><p><span class=\"ql-size-large\">	各组团学代表征集汇总提案后于截止日期前交至：</span></p><p><span class=\"ql-size-large\">	赵玉涛 荟八-242 联系电话:18627891290</span></p><p><span class=\"ql-size-large\">	谭林芳 荟三-140 联系电话:15171450982</span></p><p><span class=\"ql-size-large\">	何泓哲 博三-327 联系电话:13989827134</span></p><p><span class=\"ql-size-large\">	6月3日19:00于资环楼204会议室正式开始。</span></p><p><strong class=\"ql-size-large\">七、会议地点</strong></p><p><span class=\"ql-size-large\">	资环楼204会议室</span></p><p><strong class=\"ql-size-large\">八、主办单位</strong></p><p><span class=\"ql-size-large\">	资源与环境学院团委办公室</span></p><p><strong class=\"ql-size-large\">九、组织领导</strong></p><p><span class=\"ql-size-large\">	为确保活动的顺利进行，本次活动由学院主席团进行监督和指</span></p><p><span class=\"ql-size-large\">导，即各组团学代表提出的合理意见及建议将被反映至主席团成员处，由各主席团成员督促各对应部门进行改进，并对活动中提出解答方案负责。</span></p><p><strong class=\"ql-size-large\">十、注意事项</strong></p><p><span class=\"ql-size-large\">	1.本活动涉及各部门日后工作的开展，请各部门部长务必到会。</span></p><p><span class=\"ql-size-large\">	2.请各个部门针对各组团学代表提出的合理意见和建议进行彻底地整改，让党建团委学生会为同学服务的同时也可以得到广大同学的认可。</span></p><p><span class=\"ql-size-large\">	3.本活动系诚心诚意为广大同学提供一个平台来与学校、学院和党建团委学生会各部门进行面对面地沟通和交流，旨在及时地听取同学们对学校、学院以及各部门的意见和建议，使各部门更好地服务同学。</span></p><p><span class=\"ql-size-large\">	4.请各组团学代表务必做好提案的征集工作，保证让每一位同学都能提出自己心中的意见和建议。</span></p><p class=\"ql-align-right\"><span class=\"ql-size-large\">	资源与环境学院团委办公室</span></p><p class=\"ql-align-center\"><span class=\"ql-size-large\">&nbsp;&nbsp;&nbsp;&nbsp;&nbsp;&nbsp;&nbsp;&nbsp;&nbsp;&nbsp;&nbsp;&nbsp;&nbsp;&nbsp;&nbsp;&nbsp;&nbsp;&nbsp;&nbsp;&nbsp;&nbsp;&nbsp;&nbsp;&nbsp;&nbsp;&nbsp;&nbsp;&nbsp;&nbsp;&nbsp;&nbsp;二〇一八年五月二十四日</span></p>', '2018-08-26   17:10:35', '民主议会', b'0');
INSERT INTO `inform_info` VALUES (20, '关于举办华中农业大学首届 “互联网应用开发大赛”的通知', '宣传部', '<p><span class=\"ql-size-large\">	为进一步推进创新创业教育，培养我校大学生团队精神和创新意识，提高大学生在互联网领域的开发应用能力，举办华中农业大首届“互联网应用开发大赛”。现将有关事宜通知如下：</span></p><p><strong class=\"ql-size-large\">一、 大赛主题</strong></p><p><span class=\"ql-size-large\">	首届互联网应用开发大赛聚焦校园轻应用，将移动互联网与校内各平台紧密结合，培育并丰富基于“掌上华农”、“华中农大微校园”、“信息门户”的校园互联网应用。促进互联网与教育教学、管理服务等工作的深度融合，创新线上服务模式，促进智慧校园建设。参赛项目可参考以下类型：</span></p><p><span class=\"ql-size-large\">	1.校园生活服务轻应用，包括餐饮、校内交通、跳蚤市场、就医、故障报修、场地预约、数据查询、组织活动、校友服务、照片墙、校情介绍等方面；</span></p><p><span class=\"ql-size-large\">	2.学生信息服务轻应用，包括学习工具、讲坛信息、就业服务等方面；</span></p><p><span class=\"ql-size-large\">	3.校园文化创意轻应用，包括广播影视、设计服务、文化艺术、动漫娱乐、体育竞技等方面；</span></p><p><span class=\"ql-size-large\">	4.校园公益轻应用，包括我校各种公益团队、公共服务、社会服务等方面。</span></p><p><span class=\"ql-size-large\">	5.教学管理轻应用，包括教学组织、教学过程、教学考核等方面；</span></p><p><span class=\"ql-size-large\">	6.解决师生关注的其他校园热点难点问题的轻应用。</span></p><p><span class=\"ql-size-large\">	</span><strong class=\"ql-size-large\">二、参赛对象</strong></p><p><span class=\"ql-size-large\">	全体在校本科生、研究生</span></p><p><span class=\"ql-size-large\">	</span><strong class=\"ql-size-large\">三、比赛时间</strong></p><p><span class=\"ql-size-large\">	2017年10月25日—2017年12月16日</span></p><p><span class=\"ql-size-large\">	</span><strong class=\"ql-size-large\">四、参赛环境</strong></p><p><span class=\"ql-size-large\">	本次大赛中，轻应用定义为基于桌面浏览器和手机浏览器开发的多屏自适应H5应用，将展现在PC端的web门户，移动端的掌上华农APP和学校微信企业号上（掌上华农和企业号上均采用H5形式的应用）。通过OAuth2协议授权获取用户身份，并能调用组织机构与消息推送的API，具体调用方式将通过专门的会议进行介绍。 </span></p><p><span class=\"ql-size-large\">	1.开发语言：前端：HTML5+CSS3，后台：语言不限，建议使用Java</span></p><p><span class=\"ql-size-large\">	2.掌上华农开放平台文档：</span><a href=\"http://i.hzau.edu.cn/api/docs/\" target=\"_blank\" style=\"color: windowtext;\" class=\"ql-size-large\">http://i.hzau.edu.cn/api/docs/</a></p><p><span class=\"ql-size-large\">	3.学校相关数据接口及文档</span></p><p><span class=\"ql-size-large\">	4.在校园网内自备电脑开发</span></p><p><span class=\"ql-size-large\">	</span><strong class=\"ql-size-large\">五、赛程安排</strong></p><p><span class=\"ql-size-large\">	</span><strong class=\"ql-size-large\">1.大赛报名</strong></p><p><span class=\"ql-size-large\">	大赛分创意赛、开发赛两个阶段。</span></p><p><span class=\"ql-size-large\">	学生以团队方式参赛，每支队伍3-5人，要求成员分工明确，可以邀请1-2名教师担任指导教师。鼓励跨学院、跨年级组队，每人只能加入一支队伍，每位老师最多指导2支队伍。</span></p><p><span class=\"ql-size-large\">	创意赛报名截止时间为11月3日17:00。</span></p><p><span class=\"ql-size-large\">	开发赛报名截止时间为11月20日17:00。</span></p><p><span class=\"ql-size-large\">	报名表纸质版交至信息学院科创部（逸夫楼C321），</span><a href=\"mailto:%E7%94%B5%E5%AD%90%E7%89%88%E5%8F%91%E5%BE%80%E5%A4%A7%E8%B5%9B%E6%8C%87%E5%AE%9A%E9%82%AE%E7%AE%B13444973850@qq.com\" target=\"_blank\" style=\"color: windowtext;\" class=\"ql-size-large\">电子版发往大赛指定邮箱。</a></p><p><span class=\"ql-size-large\">	</span><strong class=\"ql-size-large\">2.创意赛（10月25日—11月15日）</strong></p><p><span class=\"ql-size-large\">	学生组队开展头脑风暴、部门走访、需求调研、团队讨论等活动，并撰写项目开发创意书，11月10日17:00前提交创意书纸质版至信息学院科创部（逸夫楼C321），</span><a href=\"mailto:%E7%94%B5%E5%AD%90%E7%89%88%E5%8F%91%E5%BE%80%E5%A4%A7%E8%B5%9B%E6%8C%87%E5%AE%9A%E9%82%AE%E7%AE%B13444973850@qq.com\" target=\"_blank\" style=\"color: windowtext;\" class=\"ql-size-large\">电子版发往大赛指定邮箱。</a></p><p><span class=\"ql-size-large\">	11月15日前，大赛组委会组织创意书评审。</span></p><p><span class=\"ql-size-large\">	</span><strong class=\"ql-size-large\">3.开发赛（11月16日—12月16日）</strong></p><p><span class=\"ql-size-large\">	大赛组委会选取5项最佳创意项目面向全校开展项目开发赛，学生自愿组建开发团队。同一支队伍只能选择一个项目开发，同一项目鼓励多支队伍同时选择开发，鼓励竞争与协作。期间组委会择期组织开展开发技能培训（时间另行通知）。12月16日左右，举行开发赛现场答辩及系统演示。</span></p><p><span class=\"ql-size-large\">	主办单位：华中农业大学教务处</span></p><p><span class=\"ql-size-large\">	华中农业大学信息学院</span></p><p><span class=\"ql-size-large\">	华中农业大学现代教育技术中心</span></p><p><span class=\"ql-size-large\">	承办单位：华中农业大学信息学院科创中心</span></p><p><span class=\"ql-size-large\">	华中农业大学信息学院沸点工作室</span></p><p><span class=\"ql-size-large\">2017年10月25日</span></p>', '2018-08-26   17:11:41', '互联网大赛', b'0');
INSERT INTO `inform_info` VALUES (21, '华中农业大学2018年度 《国家学生体质健康标准》测试通知', '宣传部', '<p><strong class=\"ql-size-large\">一、&nbsp;&nbsp;&nbsp;&nbsp;&nbsp;&nbsp;&nbsp;&nbsp;&nbsp;&nbsp;测试日程</strong></p><p><span class=\"ql-size-large\">	</span><strong class=\"ql-size-large\">（一）测试日期</strong></p><p><span class=\"ql-size-large\">	</span><strong class=\"ql-size-large\">2017级：</strong><span class=\"ql-size-large\">2018年5月26日。</span><strong class=\"ql-size-large\"><u>如遇雨延至6月9日测试。仍遇雨则另行通知。</u></strong></p><p><span class=\"ql-size-large\">	</span><strong class=\"ql-size-large\">2016级：</strong><span class=\"ql-size-large\">2018年5月27日。</span><strong class=\"ql-size-large\"><u>如遇雨延至6月9日测试。仍遇雨则另行通知。</u></strong></p><p><span class=\"ql-size-large\">	</span><strong class=\"ql-size-large\">2015级</strong><span class=\"ql-size-large\">：2018年6月3日。</span><strong class=\"ql-size-large\"><u>如遇雨延至6月9日测试。仍遇雨则另行通知。</u></strong></p><p><span class=\"ql-size-large\">	</span><strong class=\"ql-size-large\"><u>如5月26、27日两天全天下雨，则2017级延至6月9日，2016级延至6月10日测试。仍遇雨则另行通知。</u></strong></p><p><span class=\"ql-size-large\">	</span><strong class=\"ql-size-large\"><u>如5月26、27日，6月3日三天全天下雨，则2015、2016、2017级分别延至6月9、10日测试。仍遇雨则另行通知测试时间。</u></strong></p><p><span class=\"ql-size-large\">	</span><strong class=\"ql-size-large\"><u>测试过程中遇小雨则部分项目暂停测试，待雨停继续测试。如雨势过大，则按上述顺延规则执行。</u></strong></p><p><span class=\"ql-size-large\">	</span><strong class=\"ql-size-large\"><u>因故不能按本年级测试时间参加测试的同学，可随其他年级进行测试。</u></strong></p><p><span class=\"ql-size-large\">	</span><strong class=\"ql-size-large\">2018级：新生测试时间待定。</strong></p><p><span class=\"ql-size-large\">	</span><strong class=\"ql-size-large\">（二）测试时间</strong></p><p><span class=\"ql-size-large\">	上午：07：30—11：30</span></p><p><span class=\"ql-size-large\">	下午：15：00—18：30</span></p><p><span class=\"ql-size-large\">	晚上：18：30—21：00  </span></p><p><strong class=\"ql-size-large\">二、&nbsp;&nbsp;&nbsp;&nbsp;&nbsp;&nbsp;&nbsp;&nbsp;&nbsp;&nbsp;测试地点</strong></p><p><span class=\"ql-size-large\">	华中农业大学第二运动场</span></p><p><strong class=\"ql-size-large\">三、&nbsp;&nbsp;&nbsp;&nbsp;&nbsp;&nbsp;&nbsp;&nbsp;&nbsp;&nbsp;测试项目</strong></p><p><span class=\"ql-size-large\">	身高、体重、肺活量、立定跳远、坐位体前屈、引体向上（男）、仰卧起坐（女）、50米跑、1000米跑（男），800米跑（女），</span><strong class=\"ql-size-large\"><u>男、女生各八项</u></strong><span class=\"ql-size-large\">。</span></p><p><strong class=\"ql-size-large\">四、&nbsp;&nbsp;&nbsp;&nbsp;&nbsp;&nbsp;&nbsp;&nbsp;&nbsp;&nbsp;注意事项</strong></p><p><span class=\"ql-size-large\">	1．</span><strong class=\"ql-size-large\"><u>本次测试成绩将纳入2018-2019-1学期体育成绩，占体育总评成绩20%（针对选修2018-2019-1学期体育俱乐部及重修基础体育课程的学生）。</u></strong></p><p><span class=\"ql-size-large\">	2．因实习原因仍不能按时参加测试的同学须在学院办理请假手续，并由辅导员签字、学院盖章后委托他人于测试时间送往测试现场登记点（西20号房），测试时间另行安排。</span></p><p><span class=\"ql-size-large\">	3．因伤残、患病不能完成全部或部分测试项目的同学，原则上由校医院出具有效证明，本人或委托他人提交免予执行《标准》的申请（</span><strong class=\"ql-size-large\"><u>体育部网站主页下载专区下载http://sport.hzau.edu.cn/xzzq_1/</u></strong><span class=\"ql-size-large\">），于测试期间在现场登记点（西20号房）进行登记，经体质测试中心认定为确实丧失运动能力后可</span><strong class=\"ql-size-large\"><u>免测全部或部分项目</u></strong><span class=\"ql-size-large\">，且仍可参加本年度评优评奖，</span><strong class=\"ql-size-large\"><u>免测申请表存入学生档案。</u></strong></p><p><span class=\"ql-size-large\">	4．参加测试时须携带校园卡，穿着运动服、运动鞋，身高体重、坐位体前屈需脱鞋测量。</span></p><p><span class=\"ql-size-large\">	5．各项目均采用刷校园卡采集信息的方式进行测试，如校园卡遗失可凭学生证（</span><strong class=\"ql-size-large\"><u>必须同时携带身份证</u></strong><span class=\"ql-size-large\">）输入学号，工作人员负责核对身份。</span><strong class=\"ql-size-large\"><u>有冒名顶替、弄虚作假者一经发现，以考试作弊论处。</u></strong></p><p><span class=\"ql-size-large\">	6．身高体重、50米、肺活量、立定跳远、坐位体前屈、引体向上（男）、仰卧起坐（女）、1000米（男）、800米（女）每项测1次，有误均可重测。</span></p><p><span class=\"ql-size-large\">	7．2018年度《标准》测试，必须参加所有男、女生各八个项目，</span><strong class=\"ql-size-large\"><u>成绩查询可与测试后五天在微信“健康云”上查询。</u></strong></p><p><span class=\"ql-size-large\">	8．肺活量测试用吹嘴自备。</span></p><p><span class=\"ql-size-large\">	9．2014级学生（毕业年级）不参加此次体测。</span></p><p><span class=\"ql-size-large\">	10．学生毕业时的成绩和等级，按毕业当年（大四）学年总分的50%与其它三个学年（大一、大二、大三）总分平均得分的50%之和进行评定。</span></p><p><span class=\"ql-size-large\">	11．本次测试结果将直接影响同学们毕业、2018-2019-1学期体育总评成绩、评优评奖，望大家认真对待，加强锻炼，增强体质，争取测出好成绩。</span></p><p><span class=\"ql-size-large\">	</span></p><p class=\"ql-align-right\"><span class=\"ql-size-large\">	华中农业大学体育运动委员会</span></p><p class=\"ql-align-right\"><span class=\"ql-size-large\">	2018年5月4日</span></p><p><br></p>', '2018-08-26   17:12:55', '体测', b'0');
INSERT INTO `inform_info` VALUES (133, '贺军科：《高举习近平新时代中国特色社会主义思想伟大旗帜　奋力谱写决胜全面建成小康社会　全面建设社会主义现代化国家的壮丽青春篇章》：', '杨之', '<p><span style=\"color: rgb(38, 43, 49);\" class=\"ql-size-large\">报告分为8个部分：进入新时代的中国青年和共青团；强国时代青年的历史使命；用习近平新时代中国特色社会主义思想统领共青团工作；培养担当民族复兴大任的时代新人；青春建功新时代；大力促进青年发展；共青团改革再出发；全面从严治团。</span></p><p><strong style=\"color: rgb(38, 43, 49);\" class=\"ql-size-large\">报告全文：</strong></p><p><span style=\"color: rgb(38, 43, 49);\" class=\"ql-size-large\"> 中国共产主义青年团第十八次全国代表大会，是在中国特色社会主义进入新时代，亿万团员青年紧跟党、紧跟习近平总书记，意气风发迈上新征程、走向民族复兴重大历史时期召开的一次十分重要的会议。</span></p><p><span style=\"color: rgb(38, 43, 49);\" class=\"ql-size-large\"> 大会的主题是：高举习近平新时代中国特色社会主义思想伟大旗帜，全面贯彻党的十九大精神，不忘跟党初心，牢记青春使命，奋发务实进取，勇于自我革命，团结带领广大团员青年为决胜全面建成小康社会、全面建设社会主义现代化国家、实现中华民族伟大复兴的中国梦努力奋斗。</span></p><p><span style=\"color: rgb(38, 43, 49);\" class=\"ql-size-large\"> 共青团是党领导的先进青年的群团组织。在中国革命、建设、改革波澜壮阔的历史进程中，共青团在党的领导下，团结带领一代又一代有志青年书写了无上光荣，用事实和行动庄严宣示：坚定不移跟党走就是我们的初心，为党和人民不懈奋斗就是我们的使命。初心不改，使命不渝。在这个万象更新、生机勃勃的新时代，我们一定要团结带领广大团员青年听党话、跟党走，奋力谱写无愧于时代的壮丽青春篇章。</span></p><p><span style=\"color: rgb(38, 43, 49);\" class=\"ql-size-large\"> </span><strong style=\"color: rgb(38, 43, 49);\" class=\"ql-size-large\">一、进入新时代的中国青年和共青团</strong></p><p><span style=\"color: rgb(38, 43, 49);\" class=\"ql-size-large\"> 党的十八大以来，以习近平同志为核心的党中央以巨大的政治勇气和强烈的责任担当，举旗定向、谋篇布局，迎难而上、开拓进取，推动党和国家事业取得历史性成就、发生历史性变革，中国特色社会主义进入了新时代。</span></p><p><span style=\"color: rgb(38, 43, 49);\" class=\"ql-size-large\"> 沐浴在党的阳光雨露下，当代青年同人民一起开拓、同祖国一起奋进，展现出昂扬的精神面貌。广大青年亲身见证、经历、参与了进入新时代的伟大进程，对国家发展成就充满自豪，发自内心地拥护党的主张，发自内心地爱戴习近平总书记，自觉把总书记作为学习的榜样、人生的导师；广大青年自觉把个人梦想融入实现中国梦的伟大实践，勇于维护国家和人民重大利益，爱国热情、报国之志日益高扬；广大青年主动学习新知识、拥抱新技术、开拓新视野，知识结构、能力素质显著提升；广大青年踊跃投身工业化、信息化、城镇化、市场化潮流，勇于面对竞争和挑战，立足本职岗位辛勤劳动、挥洒汗水，唱响“奋斗的青春最美丽”的新时代青春之歌；广大青年展现出追求卓越、勇攀高峰的闯劲和锐气，奋战在载人航天、深海探测、量子通信、大飞机、高铁等国家重大项目攻关前线，活跃于电子商务、移动支付、共享经济等新业态前沿，创新活力、创业激情竞相迸发；广大青年扎根基层一线，广泛参与志愿服务、脱贫攻坚、生态环保，奉献社会、服务人民蔚然成风；广大青年频频亮相国际舞台，深度参与国际交流，积极投身“一带一路”建设，开放包容、自尊自信的大国青年风采生动展现。</span></p><p><span style=\"color: rgb(38, 43, 49);\" class=\"ql-size-large\"> 共青团事业是党的事业的重要组成部分，事关党执政的青年群众基础，事关党和国家的未来。以习近平同志为核心的党中央高度重视共青团工作，习近平总书记亲切关怀、亲自谋划、亲自部署，领导召开党的历史上第一次中央党的群团工作会议，指导制定新中国历史上第一个青年发展规划，指导审定共青团中央改革方案和中央团校改革方案，关心指导青联、学联、少先队改革，多次参加青少年和共青团的活动，发表重要讲话、提出重要要求。习近平总书记为共青团工作倾注大量心血，给广大团干部和团员青年以巨大鼓舞。</span></p><p><span style=\"color: rgb(38, 43, 49);\" class=\"ql-size-large\"> 鞭策催人奋进，责任重于泰山。五年来，全团上下坚决贯彻以习近平同志为核心的党中央要求，牢牢把握保持和增强政治性、先进性、群众性的前进方向，紧紧围绕团的根本任务、政治责任、工作主线，奋发改革、锐意进取、真抓实干，各项工作和建设取得新发展。</span></p><p><span style=\"color: rgb(38, 43, 49);\" class=\"ql-size-large\"> 着力开启改革新征程，共青团展现出新的时代面貌。不折不扣贯彻党中央关于共青团改革的各项要求，坚持刀刃向内，突出问题导向，凝聚改革共识，落实改革举措，团的改革取得重要阶段性成果。改革领导机构，大幅提高基层一线团干部、团员在各级代表大会、委员会、常委会中的比例，代表性广泛性大大增强。改革干部制度，适应群团工作特点，建设专职、挂职、兼职相结合的机关干部队伍。改革工作方式，团的领导机关干部直接联系服务青年实现制度化，到基层去、到网上去、到青年中去开展工作的自觉性不断增强。改革团员发展和教育管理，突出政治标准，规范发展程序，控制团青比例，团员先进性得到提升。强化基层基础，充实工作骨干，建设基层阵地，下沉工作资源，基层共青团的组织力、引领力、服务力明显增强。一同部署、一体推进青联、学联、少先队改革。稳步推进团校改革。</span></p><p><span style=\"color: rgb(38, 43, 49);\" class=\"ql-size-large\"> 着力引领当代新青年，思想政治主旋律更加高扬。深入学习宣传贯彻习近平新时代中国特色社会主义思想和党的十九大精神，帮助广大团员青年深刻理解当代中国马克思主义的丰富内涵、精神实质和实践要求，紧密结合自身实际学而信、学而用、学而行。引导广大青少年树立共产主义远大理想和中国特色社会主义共同理想，“我的中国梦”等主题教育实践活动深入开展，青少年对中国特色社会主义的道路自信、理论自信、制度自信、文化自信更加坚定。积极培育和践行社会主义核心价值观，爱国主义教育、公民道德教育、民族团结教育、中华优秀传统文化教育形式多样、蓬勃开展。深入实施青年马克思主义者培养工程，一批又一批青年政治骨干成长起来。履行全团带队职责，在少先队员中广泛开展“红领巾心向党”等生动活泼的主题活动，从小培养他们对党、对习近平总书记的朴素情感。深化拓展军地团组织共建共育，在国防教育、典型引路等方面形成强大合力。广大青年官兵自觉传承弘扬我党我军光荣传统和优良作风，坚定强军信念，献身强军实践，立起了“四有”新时代革命军人的好样子。</span></p>', '2018-08-26   17:26:50', '贺军科', b'0');
INSERT INTO `inform_info` VALUES (134, '在新时代党的阳光照耀下前进 ——习近平总书记关心关怀青年和青年工作纪实', '杨之', '<p>	<span style=\"color: rgb(51, 51, 51);\">青春，是人生中最美的那一部分，是世界上任何一种语言中最动人的词汇之一。青年，是国家的未来和民族的希望，是社会上最富有朝气、最富有创造性、最富有生命力的群体。</span></p><p>	<span style=\"color: rgb(51, 51, 51);\">在革命、建设、改革各个历史时期，中国共产党始终高度重视青年、关怀青年、信任青年，对青年一代寄予殷切期望、提出严格要求。新中国成立以来，毛泽东、邓小平、江泽民、胡锦涛等历届党和国家领导人都曾饱含深情地留下激励亿万青年的名言。</span></p><p>	<span style=\"color: rgb(51, 51, 51);\">党的十八大以来，以习近平同志为核心的党中央站在党和国家事业发展薪火相传、后继有人的战略高度，关心青年的成长进步，为新时代党的青年工作指明前进方向。作为全党拥护、人民爱戴、当之无愧的党的核心、军队统帅、人民领袖，新时代中国特色社会主义国家掌舵者、人民领路人，习近平总书记多次出席青年活动，与青年谈心，给青年回信，为青年鼓劲……在广大青年心目中，总书记就是人生道路上学习的榜样、人生的导师。</span></p><p>	<strong style=\"color: rgb(51, 51, 51);\">皎皎育人意：中国梦属于中国青年</strong></p><p>	<span style=\"color: rgb(51, 51, 51);\">泱泱华夏，源远流长。青年一代的理想信念、精神状态、综合素质，是一个国家发展活力的重要体现，也是一个国家核心竞争力的重要因素。习近平总书记深刻指出，青春理想，青春活力，青春奋斗，是中国精神和中国力量的生命力所在。</span></p><p>	<span style=\"color: rgb(51, 51, 51);\">回望历史，青春也是我们党与生俱来的优秀基因。中共一大的13名代表平均年龄仅27.7岁。从那时起，我们党取得的所有成就都凝聚着青年的热情和奉献。</span></p><p>	<span style=\"color: rgb(51, 51, 51);\">十年树木，百年树人。习近平总书记在庆祝中国共产党成立95周年大会上强调：“全党要关注青年、关心青年、关爱青年，倾听青年心声，做青年朋友的知心人、青年工作的热心人、青年群众的引路人。”他要求各级党委和政府要充分信任青年、热情关心青年、严格要求青年，为青年驰骋思想打开更浩瀚的天空，为青年实践创新搭建更广阔的舞台，为青年塑造人生提供更丰富的机会，为青年建功立业创造更有利的条件。</span></p><p>	<span style=\"color: rgb(51, 51, 51);\">对于这个要求，他率先垂范，身体力行。</span></p><p>	<span style=\"color: rgb(51, 51, 51);\">“五四”，一个专属于青年人的符号。每年的这一天，不仅是青年人自己的节日，更是纪念五四运动、弘扬五四精神的重要日子。回顾党的十八大以来这六年，习近平总书记夙夜在公、日理万机，但不管他有多忙，五四的时间总是留给青年人的！</span></p><p>	<span style=\"color: rgb(51, 51, 51);\">——2013年5月4日，习近平总书记来到中国航天科技集团公司中国空间技术研究院，参加“实现中国梦、青春勇担当”主题团日活动，同各界优秀青年代表座谈，共话中国梦。</span></p><p>	<span style=\"color: rgb(51, 51, 51);\">——2014年5月4日，恰逢五四运动95周年，在这个充满纪念意味的时刻，习近平总书记来到了五四运动的策源地北京大学，并就如何树立和践行社会主义核心价值观，与北大的师生进行了交流。</span></p><p>	<span style=\"color: rgb(51, 51, 51);\">——2015年的五四青年节，习近平总书记在北京会见时任中国国民党主席朱立伦时，也谈到了两岸青年的共同成长。他说，青年是民族的未来，也是两岸的未来。我们要更多关注两岸青年成长，为他们提供更多机会和舞台，让他们多交流多交心，成为共同打拼的好朋友好伙伴。</span></p><p>	<span style=\"color: rgb(51, 51, 51);\">——2016年五四前夕，习近平总书记在安徽合肥主持召开知识分子、劳动模范、青年代表座谈会并发表重要讲话。他亲切勉励广大青年要充分展现自己的抱负和激情，胸怀理想、锤炼品格，脚踏实地、艰苦奋斗，不断书写奉献青春的时代篇章。</span></p><p>	<span style=\"color: rgb(51, 51, 51);\">——2017年五四前夕，习近平总书记参加了中国政法大学青年学生们的主题团日活动，勉励当代青年要树立与这个时代主题同心同向的理想信念，勇于担当这个时代赋予的历史责任。</span></p><p>	<span style=\"color: rgb(51, 51, 51);\">——2018年5月2日，在五四青年节和北京大学建校120周年校庆来临之际，习近平总书记再次来到北京大学考察，同师生座谈并发表重要讲话，向广大青年提出“爱国、励志、求真、力行”的四点希望。</span></p><p>	<span style=\"color: rgb(51, 51, 51);\">“古今中外，每个国家都是按照自己的政治要求来培养人的”“我衷心希望每一个青年都成为社会主义建设者和接班人，不辱时代使命，不负人民期望。”总书记的关怀足迹和殷殷话语真诚坦荡，闪耀着理性的光芒，如同一轮皎皎明月高悬空中。它向世人昭示着，中国的未来属于青年，中华民族的未来也必定属于青年！</span></p>', '2018-08-26   17:27:51', '习近平', b'0');
INSERT INTO `inform_info` VALUES (135, '襄樊人才引进政策摘要', '杨之', '<p><span class=\"ql-size-large\">	</span><strong class=\"ql-size-large\">大学生实习实训补贴政策</strong></p><p><span class=\"ql-size-large\">	在襄阳市市直企事业单位参加实习实训，按大学专科生每人每月1000元，本科生每人每月1500元，硕士、博士研究生每人每月2000元的标准发放补贴；在市直党政机关参加实习实训，按大学本科生每人每月1000元，硕士、博士研究生每人每月1500元的标准发放补贴。在各县（市、区）、开发区参加实习实训的大学生，具体标准由县（市、区）、开发区确定。实习实训时间一般不超过3个月。</span></p><p><span class=\"ql-size-large\">	</span><strong class=\"ql-size-large\">大学生就业见习政策</strong></p><p><span class=\"ql-size-large\">	高校毕业生就业见习基地吸纳离校一年内未就业的普通全日制高校毕业生，每月按时支付见习人员生活补贴，生活补贴标准不低于当地最低工资标准，见习时间不超过6个月。政府部门按最低工资标准60%/人·月给予就业见习基地补助。</span></p><p><span class=\"ql-size-large\">	</span><strong class=\"ql-size-large\">大学生就业创业生活补贴、住房补贴政策</strong></p><p><span class=\"ql-size-large\">	对全日制普通高校（含国家承认学历的境外院校）毕业五年以内首次在襄创办企业、在企业就业的大学生，按每人每月500元标准发放生活补贴；在外租房的，租房补贴每人每月500元。生活补贴和租房补贴一年一发放，发放最长期限不超过三年。首次购买住房的，正常缴存住房公积金满六个月后，即可申请公积金住房贷款。</span></p><p><span class=\"ql-size-large\">	</span><strong class=\"ql-size-large\">大学生创新创业扶持政策</strong></p><p><span class=\"ql-size-large\">	1、全日制普通高校在校生以及毕业5年以内大学生在我市创业，可按规定申请2—20万元的省级创业扶持资金。&nbsp;</span></p><p><span class=\"ql-size-large\">	2、普通高校大学生毕业5年内在我市初次创业，可按规定申请5000元一次性创业补贴。</span></p><p><span class=\"ql-size-large\">	3、对技术含量及附加值高、市场前景好、带动就业多的创新项目，给予1—10万元的一次性启动资金补助。</span></p><p><span class=\"ql-size-large\">	4、大学生在我市依法开办个体工商户，自主、合伙经营及创办小微企业的，以及吸纳就业达到规定条件的小企业，均可申请创业担保贷款。</span></p><p><span class=\"ql-size-large\">	5、对个体经营的创业担保贷款额度不超过10万元，合伙经营、创办小微企业或组织起来就业的，可按每人不超过10万元，总额不超过50万元的额度实行“捆绑式”贷款，在贷款期限内给予全额财政贴息。</span></p><p><span class=\"ql-size-large\">	6、对大学生创办劳动密集型小企业，对小微企业当年新招用符合创业担保贷款申请条件的人员（不包括大学生村官、留学回国学生、返乡创业农民工、网络商户）数量达到企业现有在职职工人数30％（超过100人的企业达到15％）、并与其签订1年以上劳动合同且缴纳社会保险费的，经办金融机构根据企业实际招用人数合理确定创业担保贷款额度，最高不超过200万元，并由财政部门按相关规定贴息。&nbsp;&nbsp;</span></p><p><span class=\"ql-size-large\">	</span><strong class=\"ql-size-large\">高层次人才引进落户与住房补贴政策</strong></p><p><span class=\"ql-size-large\">	1、落户“零门槛”。来襄阳市创业、就业的各类人才，不受就业时间、社保、住所等条件限制，公安部门及时办理落户手续。</span></p><p><span class=\"ql-size-large\">	2、对襄阳市区企事业单位引进的高层次人才，硕士或副高级职称者发放7.2万元住房补贴（每年2.4万元，连发三年），博士或正高级职称者10.8万元住房补贴（每年3.6万元，连发三年）。</span></p><p><span class=\"ql-size-large\">	3、全日制硕士研究生及以上学历或具有副高级及以上技术职称的，博士研究生（或正高级职称人员）入住“隆中人才公寓”按50%标准缴纳租金，硕士研究生（或副高级职称人员）按60%标准缴纳租金。</span></p><p><span class=\"ql-size-large\">	4、购买住房的，正常缴存住房公积金满6个月，即可申请公积金住房贷款。</span></p><p><span class=\"ql-size-large\">	</span><strong class=\"ql-size-large\">事业单位人才引进支持政策</strong></p><p><span class=\"ql-size-large\">	艰苦边远地区乡镇事业单位招聘大学本科以上毕业生，县级事业单位招聘中级以上专业技术职称或者硕士以上学位人员，以及行业、岗位、脱贫攻坚急需紧缺专业人才，可以根据实际情况，采取面试、组织考察等方式公开招聘。</span></p><p><span class=\"ql-size-large\">	</span><strong class=\"ql-size-large\">优秀人才激励政策</strong></p><p><span class=\"ql-size-large\">	1、全市每两年开展一次优秀人才评选活动，奖励名额增加到25名，把在襄工作的外籍人才纳入通报表扬范围，对“襄阳杰出人才”“襄阳优秀人才”分别一次性奖励资助20万元、3万元。</span></p><p><span class=\"ql-size-large\">	2、享受市政府专项津贴人员一次性津贴标准提高到1万元。</span></p><p><span class=\"ql-size-large\">	3、每两年分别评选表彰10名“隆中名匠”、50名“隆中工匠”，每人分别一次性奖励2万元、5000元。</span></p>', '2018-08-26   17:28:52', '人才引进', b'0');

-- ----------------------------
-- Table structure for job_info
-- ----------------------------
DROP TABLE IF EXISTS `job_info`;
CREATE TABLE `job_info`  (
  `Job_Id` int(11) NOT NULL AUTO_INCREMENT,
  `Dept_Id` int(11) DEFAULT NULL,
  `Job_Name` varchar(20) CHARACTER SET utf8 COLLATE utf8_general_ci NOT NULL,
  PRIMARY KEY (`Job_Id`) USING BTREE,
  INDEX `Dept_Id`(`Dept_Id`) USING BTREE,
  CONSTRAINT `FK_Job_Dept` FOREIGN KEY (`Dept_Id`) REFERENCES `dept_info` (`Dept_Id`) ON DELETE CASCADE ON UPDATE CASCADE
) ENGINE = InnoDB AUTO_INCREMENT = 4557 CHARACTER SET = utf8 COLLATE = utf8_general_ci ROW_FORMAT = Compact;

-- ----------------------------
-- Records of job_info
-- ----------------------------
INSERT INTO `job_info` VALUES (1, 1, '主任');
INSERT INTO `job_info` VALUES (2, 2, '职员');
INSERT INTO `job_info` VALUES (3, 3, '职员');
INSERT INTO `job_info` VALUES (4, 4, '职员');
INSERT INTO `job_info` VALUES (5, 5, '职员');
INSERT INTO `job_info` VALUES (6, 6, '职员');
INSERT INTO `job_info` VALUES (7, 7, '职员');
INSERT INTO `job_info` VALUES (8, 8, '职员');
INSERT INTO `job_info` VALUES (9, 9, '职员');
INSERT INTO `job_info` VALUES (10, 10, '职员');
INSERT INTO `job_info` VALUES (11, 11, '职员');
INSERT INTO `job_info` VALUES (12, 12, '职员');
INSERT INTO `job_info` VALUES (13, 13, '职员');
INSERT INTO `job_info` VALUES (14, 11, '职员');
INSERT INTO `job_info` VALUES (15, 15, '职员');
INSERT INTO `job_info` VALUES (16, 1, '副主任');
INSERT INTO `job_info` VALUES (17, 2, '主任');
INSERT INTO `job_info` VALUES (18, 14, '主任');
INSERT INTO `job_info` VALUES (19, 4, '主任');
INSERT INTO `job_info` VALUES (20, 5, '主任');
INSERT INTO `job_info` VALUES (21, 6, '主任');
INSERT INTO `job_info` VALUES (22, 7, '主任');
INSERT INTO `job_info` VALUES (23, 8, '主任');
INSERT INTO `job_info` VALUES (24, 9, '主任');
INSERT INTO `job_info` VALUES (25, 10, '主任');
INSERT INTO `job_info` VALUES (26, 11, '主任');
INSERT INTO `job_info` VALUES (27, 12, '主任');
INSERT INTO `job_info` VALUES (28, 13, '主任');
INSERT INTO `job_info` VALUES (29, 14, '主任');
INSERT INTO `job_info` VALUES (30, 15, '主任');
INSERT INTO `job_info` VALUES (31, 1, '处长');
INSERT INTO `job_info` VALUES (32, 2, '处长');
INSERT INTO `job_info` VALUES (33, 3, '处长');
INSERT INTO `job_info` VALUES (34, 4, '处长');
INSERT INTO `job_info` VALUES (35, 5, '处长');
INSERT INTO `job_info` VALUES (36, 6, '处长');
INSERT INTO `job_info` VALUES (37, 7, '处长');
INSERT INTO `job_info` VALUES (38, 8, '处长');
INSERT INTO `job_info` VALUES (39, 9, '处长');
INSERT INTO `job_info` VALUES (40, 10, '处长');
INSERT INTO `job_info` VALUES (41, 11, '处长');
INSERT INTO `job_info` VALUES (42, 12, '处长');
INSERT INTO `job_info` VALUES (43, 13, '处长');
INSERT INTO `job_info` VALUES (44, 14, '处长');
INSERT INTO `job_info` VALUES (45, 15, '处长');
INSERT INTO `job_info` VALUES (46, 1, '经理');
INSERT INTO `job_info` VALUES (47, 2, '经理');
INSERT INTO `job_info` VALUES (48, 3, '经理');
INSERT INTO `job_info` VALUES (49, 4, '经理');
INSERT INTO `job_info` VALUES (50, 5, '经理');
INSERT INTO `job_info` VALUES (51, 6, '经理');
INSERT INTO `job_info` VALUES (52, 7, '经理');
INSERT INTO `job_info` VALUES (53, 8, '经理');
INSERT INTO `job_info` VALUES (54, 9, '经理');
INSERT INTO `job_info` VALUES (55, 10, '经理');
INSERT INTO `job_info` VALUES (56, 11, '经理');
INSERT INTO `job_info` VALUES (57, 12, '经理');
INSERT INTO `job_info` VALUES (58, 13, '经理');
INSERT INTO `job_info` VALUES (59, 14, '经理');
INSERT INTO `job_info` VALUES (60, 15, '经理');
INSERT INTO `job_info` VALUES (4555, 57, '职员');
INSERT INTO `job_info` VALUES (4556, 57, '职员');

-- ----------------------------
-- Table structure for logs
-- ----------------------------
DROP TABLE IF EXISTS `logs`;
CREATE TABLE `logs`  (
  `Logid` int(11) NOT NULL AUTO_INCREMENT,
  `Username` varchar(20) CHARACTER SET utf8 COLLATE utf8_general_ci DEFAULT NULL,
  `ip` varchar(50) CHARACTER SET utf8 COLLATE utf8_general_ci DEFAULT '0,0,0,0',
  `classfn` varchar(200) CHARACTER SET utf8 COLLATE utf8_general_ci DEFAULT NULL,
  `method` varchar(200) CHARACTER SET utf8 COLLATE utf8_general_ci DEFAULT NULL,
  `createtime` varchar(200) CHARACTER SET utf8 COLLATE utf8_general_ci DEFAULT NULL,
  `loglevel` varchar(20) CHARACTER SET utf8 COLLATE utf8_general_ci DEFAULT NULL,
  `msg` varchar(500) CHARACTER SET utf8 COLLATE utf8_general_ci DEFAULT NULL,
  PRIMARY KEY (`Logid`) USING BTREE
) ENGINE = InnoDB AUTO_INCREMENT = 236 CHARACTER SET = utf8 COLLATE = utf8_general_ci ROW_FORMAT = Compact;

-- ----------------------------
-- Records of logs
-- ----------------------------
INSERT INTO `logs` VALUES (51, 'Yang', '127.0.0.1', 'com.hzau.servlet.DeptServlet', 'addDept', '2018-08-24 16:28:05', 'INFO', '添加部门');
INSERT INTO `logs` VALUES (52, 'Yang', '127.0.0.1', 'com.hzau.servlet.JobServlet', 'addJob', '2018-08-24 16:28:14', 'INFO', '添加岗位');
INSERT INTO `logs` VALUES (53, 'Yang', '127.0.0.1', 'com.hzau.servlet.AdminPersonServlet', 'addPerson', '2018-08-24 16:28:48', 'INFO', '新增用户');
INSERT INTO `logs` VALUES (54, 'Yang', '127.0.0.1', 'com.hzau.servlet.OrganServlet', 'changeOrgan', '2018-08-24 16:30:33', 'INFO', '修改组织');
INSERT INTO `logs` VALUES (55, 'Yang', '127.0.0.1', 'com.hzau.servlet.DeptServlet', 'changeDept', '2018-08-24 16:30:36', 'INFO', '修改部门');
INSERT INTO `logs` VALUES (56, 'Yang', '127.0.0.1', 'com.hzau.servlet.JobServlet', 'changeJob', '2018-08-24 16:30:38', 'INFO', '修改岗位');
INSERT INTO `logs` VALUES (57, 'Yang', '127.0.0.1', 'com.hzau.servlet.AdminPersonServlet', 'changePerson', '2018-08-24 16:30:42', 'INFO', '修改用户');
INSERT INTO `logs` VALUES (58, 'Yang', '127.0.0.1', 'com.hzau.servlet.JobServlet', 'addJob', '2018-08-24 16:39:30', 'INFO', '添加岗位');
INSERT INTO `logs` VALUES (59, 'Yang', '127.0.0.1', 'com.hzau.servlet.OrganServlet', 'changeOrgan', '2018-08-24 16:46:23', 'INFO', '修改组织');
INSERT INTO `logs` VALUES (60, 'Yang', '127.0.0.1', 'com.hzau.servlet.DeptServlet', 'changeDept', '2018-08-24 16:46:26', 'INFO', '修改部门');
INSERT INTO `logs` VALUES (61, 'Yang', '127.0.0.1', 'com.hzau.servlet.AdminPersonServlet', 'delPersonArray', '2018-08-24 16:46:37', 'INFO', '批量删除用户');
INSERT INTO `logs` VALUES (62, 'Yang', '127.0.0.1', 'com.hzau.servlet.JobServlet', 'delJob', '2018-08-24 16:49:28', 'INFO', '删除岗位');
INSERT INTO `logs` VALUES (63, 'Yang', '127.0.0.1', 'com.hzau.servlet.AdminPersonServlet', 'addPerson', '2018-08-24 16:53:00', 'INFO', '新增用户');
INSERT INTO `logs` VALUES (64, 'Yang', '127.0.0.1', 'com.hzau.servlet.NewsServlet', 'delNews', '2018-08-24 23:51:31', 'INFO', '删除新闻');
INSERT INTO `logs` VALUES (65, 'Yang', '127.0.0.1', 'com.hzau.servlet.NewsServlet', 'delNewslist', '2018-08-24 23:52:34', 'INFO', '批量删除新闻');
INSERT INTO `logs` VALUES (66, 'Yang', '127.0.0.1', 'com.hzau.servlet.NewsServlet', 'delNews', '2018-08-25 09:40:06', 'INFO', '删除新闻');
INSERT INTO `logs` VALUES (67, 'Yang', '127.0.0.1', 'com.hzau.servlet.NewsServlet', 'delNews', '2018-08-25 09:40:10', 'INFO', '删除新闻');
INSERT INTO `logs` VALUES (68, 'Yang', '127.0.0.1', 'com.hzau.servlet.NewsServlet', 'delNewslist', '2018-08-25 09:40:16', 'INFO', '批量删除新闻');
INSERT INTO `logs` VALUES (69, 'Yang', '127.0.0.1', 'com.hzau.servlet.InfoServlet', 'delInfo', '2018-08-25 09:47:52', 'INFO', '删除公告');
INSERT INTO `logs` VALUES (70, 'Yang', '127.0.0.1', 'com.hzau.servlet.InfoServlet', 'delInfolist', '2018-08-25 09:48:01', 'INFO', '批量删除新闻');
INSERT INTO `logs` VALUES (71, 'Yang', '127.0.0.1', 'com.hzau.servlet.NewsServlet', 'changeNews', '2018-08-25 12:09:03', 'INFO', '修改新闻');
INSERT INTO `logs` VALUES (72, 'Yang', '127.0.0.1', 'com.hzau.servlet.NewsServlet', 'changeNews', '2018-08-25 12:09:07', 'INFO', '修改新闻');
INSERT INTO `logs` VALUES (73, 'Yang', '127.0.0.1', 'com.hzau.servlet.NewsServlet', 'changeNews', '2018-08-25 12:09:12', 'INFO', '修改新闻');
INSERT INTO `logs` VALUES (74, 'Yang', '127.0.0.1', 'com.hzau.servlet.NewsServlet', 'changeNews', '2018-08-25 12:11:29', 'INFO', '修改新闻');
INSERT INTO `logs` VALUES (75, 'Yang', '127.0.0.1', 'com.hzau.servlet.NewsServlet', 'changeNews', '2018-08-25 12:13:11', 'INFO', '修改新闻');
INSERT INTO `logs` VALUES (76, 'Yang', '127.0.0.1', 'com.hzau.servlet.NewsServlet', 'changeNews', '2018-08-25 12:13:19', 'INFO', '修改新闻');
INSERT INTO `logs` VALUES (77, 'Yang', '127.0.0.1', 'com.hzau.servlet.NewsServlet', 'changeNews', '2018-08-25 12:13:29', 'INFO', '修改新闻');
INSERT INTO `logs` VALUES (78, 'Yang', '127.0.0.1', 'com.hzau.servlet.NewsServlet', 'changeNews', '2018-08-25 12:13:41', 'INFO', '修改新闻');
INSERT INTO `logs` VALUES (79, 'Yang', '127.0.0.1', 'com.hzau.servlet.NewsServlet', 'changeNews', '2018-08-25 12:14:50', 'INFO', '修改新闻');
INSERT INTO `logs` VALUES (80, 'Yang', '127.0.0.1', 'com.hzau.servlet.NewsServlet', 'changeNews', '2018-08-25 12:35:47', 'INFO', '修改新闻');
INSERT INTO `logs` VALUES (81, 'Yang', '127.0.0.1', 'com.hzau.servlet.NewsServlet', 'changeNews', '2018-08-25 12:35:57', 'INFO', '修改新闻');
INSERT INTO `logs` VALUES (82, 'Yang', '127.0.0.1', 'com.hzau.servlet.NewsServlet', 'changeNews', '2018-08-25 12:52:15', 'INFO', '修改新闻');
INSERT INTO `logs` VALUES (83, 'Yang', '127.0.0.1', 'com.hzau.servlet.NewsServlet', 'changeNews', '2018-08-25 12:56:13', 'INFO', '修改新闻');
INSERT INTO `logs` VALUES (84, 'Yang', '127.0.0.1', 'com.hzau.servlet.NewsServlet', 'changeNews', '2018-08-25 12:56:20', 'INFO', '修改新闻');
INSERT INTO `logs` VALUES (85, 'Yang', '127.0.0.1', 'com.hzau.servlet.NewsServlet', 'changeNews', '2018-08-25 12:56:43', 'INFO', '修改新闻');
INSERT INTO `logs` VALUES (86, 'Yang', '127.0.0.1', 'com.hzau.servlet.NewsServlet', 'addNews', '2018-08-25 12:59:51', 'INFO', '添加新闻');
INSERT INTO `logs` VALUES (87, 'Yang', '127.0.0.1', 'com.hzau.servlet.NewsServlet', 'changeNews', '2018-08-25 13:00:34', 'INFO', '修改新闻');
INSERT INTO `logs` VALUES (88, 'Yang', '127.0.0.1', 'com.hzau.servlet.NewsServlet', 'changeNews', '2018-08-25 13:00:53', 'INFO', '修改新闻');
INSERT INTO `logs` VALUES (89, 'Yang', '127.0.0.1', 'com.hzau.servlet.NewsServlet', 'changeNews', '2018-08-25 13:01:35', 'INFO', '修改新闻');
INSERT INTO `logs` VALUES (90, 'Yang', '127.0.0.1', 'com.hzau.servlet.NewsServlet', 'changeNews', '2018-08-25 13:02:13', 'INFO', '修改新闻');
INSERT INTO `logs` VALUES (91, 'Yang', '127.0.0.1', 'com.hzau.servlet.NewsServlet', 'changeNews', '2018-08-25 13:03:30', 'INFO', '修改新闻');
INSERT INTO `logs` VALUES (92, 'Yang', '127.0.0.1', 'com.hzau.servlet.NewsServlet', 'changeNews', '2018-08-25 13:05:27', 'INFO', '修改新闻');
INSERT INTO `logs` VALUES (93, 'Yang', '127.0.0.1', 'com.hzau.servlet.NewsServlet', 'changeNews', '2018-08-25 13:06:23', 'INFO', '修改新闻');
INSERT INTO `logs` VALUES (94, 'Yang', '127.0.0.1', 'com.hzau.servlet.NewsServlet', 'changeNews', '2018-08-25 13:06:27', 'INFO', '修改新闻');
INSERT INTO `logs` VALUES (95, 'Yang', '127.0.0.1', 'com.hzau.servlet.NewsServlet', 'changeNews', '2018-08-25 13:08:04', 'INFO', '修改新闻');
INSERT INTO `logs` VALUES (96, 'Yang', '127.0.0.1', 'com.hzau.servlet.NewsServlet', 'delNews', '2018-08-25 13:08:34', 'INFO', '删除新闻');
INSERT INTO `logs` VALUES (97, 'Yang', '127.0.0.1', 'com.hzau.servlet.NewsServlet', 'delNews', '2018-08-25 13:08:36', 'INFO', '删除新闻');
INSERT INTO `logs` VALUES (98, 'Yang', '127.0.0.1', 'com.hzau.servlet.NewsServlet', 'changeNews', '2018-08-25 13:08:46', 'INFO', '修改新闻');
INSERT INTO `logs` VALUES (99, 'Yang', '127.0.0.1', 'com.hzau.servlet.NewsServlet', 'changeNews', '2018-08-25 13:09:04', 'INFO', '修改新闻');
INSERT INTO `logs` VALUES (100, 'Yang', '127.0.0.1', 'com.hzau.servlet.NewsServlet', 'changeNews', '2018-08-25 13:09:11', 'INFO', '修改新闻');
INSERT INTO `logs` VALUES (101, 'Yang', '127.0.0.1', 'com.hzau.servlet.NewsServlet', 'changeNews', '2018-08-25 13:09:16', 'INFO', '修改新闻');
INSERT INTO `logs` VALUES (102, 'Yang', '127.0.0.1', 'com.hzau.servlet.NewsServlet', 'changeNews', '2018-08-25 13:09:19', 'INFO', '修改新闻');
INSERT INTO `logs` VALUES (103, 'Yang', '127.0.0.1', 'com.hzau.servlet.NewsServlet', 'changeNews', '2018-08-25 13:09:21', 'INFO', '修改新闻');
INSERT INTO `logs` VALUES (104, 'Yang', '127.0.0.1', 'com.hzau.servlet.NewsServlet', 'changeNews', '2018-08-25 13:09:27', 'INFO', '修改新闻');
INSERT INTO `logs` VALUES (105, 'Yang', '127.0.0.1', 'com.hzau.servlet.NewsServlet', 'changeNews', '2018-08-25 13:10:47', 'INFO', '修改新闻');
INSERT INTO `logs` VALUES (106, 'Yang', '127.0.0.1', 'com.hzau.servlet.NewsServlet', 'changeNews', '2018-08-25 13:11:14', 'INFO', '修改新闻');
INSERT INTO `logs` VALUES (107, 'Yang', '127.0.0.1', 'com.hzau.servlet.NewsServlet', 'changeNews', '2018-08-25 13:11:42', 'INFO', '修改新闻');
INSERT INTO `logs` VALUES (108, 'Yang', '127.0.0.1', 'com.hzau.servlet.NewsServlet', 'changeNews', '2018-08-25 13:12:29', 'INFO', '修改新闻');
INSERT INTO `logs` VALUES (109, 'Yang', '127.0.0.1', 'com.hzau.servlet.NewsServlet', 'changeNews', '2018-08-25 13:12:32', 'INFO', '修改新闻');
INSERT INTO `logs` VALUES (110, 'Yang', '127.0.0.1', 'com.hzau.servlet.NewsServlet', 'changeNews', '2018-08-25 13:13:03', 'INFO', '修改新闻');
INSERT INTO `logs` VALUES (111, 'Yang', '127.0.0.1', 'com.hzau.servlet.NewsServlet', 'changeNews', '2018-08-25 13:13:42', 'INFO', '修改新闻');
INSERT INTO `logs` VALUES (112, 'Yang', '127.0.0.1', 'com.hzau.servlet.NewsServlet', 'addNews', '2018-08-25 13:15:31', 'INFO', '添加新闻');
INSERT INTO `logs` VALUES (113, 'Yang', '127.0.0.1', 'com.hzau.servlet.NewsServlet', 'changeNews', '2018-08-25 13:15:58', 'INFO', '修改新闻');
INSERT INTO `logs` VALUES (114, 'Yang', '127.0.0.1', 'com.hzau.servlet.NewsServlet', 'changeNews', '2018-08-25 13:18:52', 'INFO', '修改新闻');
INSERT INTO `logs` VALUES (115, 'Yang', '127.0.0.1', 'com.hzau.servlet.NewsServlet', 'addNews', '2018-08-25 13:25:39', 'INFO', '添加新闻');
INSERT INTO `logs` VALUES (116, 'Yang', '127.0.0.1', 'com.hzau.servlet.NewsServlet', 'changeNews', '2018-08-25 13:26:08', 'INFO', '修改新闻');
INSERT INTO `logs` VALUES (117, 'Yang', '127.0.0.1', 'com.hzau.servlet.NewsServlet', 'changeNews', '2018-08-25 13:36:46', 'INFO', '修改新闻');
INSERT INTO `logs` VALUES (118, 'Yang', '127.0.0.1', 'com.hzau.servlet.NewsServlet', 'changeNews', '2018-08-25 13:43:18', 'INFO', '修改新闻');
INSERT INTO `logs` VALUES (119, 'Yang', '127.0.0.1', 'com.hzau.servlet.NewsServlet', 'changeNews', '2018-08-25 13:43:53', 'INFO', '修改新闻');
INSERT INTO `logs` VALUES (120, 'Yang', '127.0.0.1', 'com.hzau.servlet.NewsServlet', 'delNews', '2018-08-25 13:44:09', 'INFO', '删除新闻');
INSERT INTO `logs` VALUES (121, 'Yang', '127.0.0.1', 'com.hzau.servlet.NewsServlet', 'changeNews', '2018-08-25 13:45:20', 'INFO', '修改新闻');
INSERT INTO `logs` VALUES (122, 'Yang', '127.0.0.1', 'com.hzau.servlet.InfoServlet', 'changeInfo', '2018-08-25 14:05:49', 'INFO', '修改公告');
INSERT INTO `logs` VALUES (123, 'Yang', '127.0.0.1', 'com.hzau.servlet.NewsServlet', 'addNews', '2018-08-25 14:14:40', 'INFO', '添加新闻');
INSERT INTO `logs` VALUES (124, 'Yang', '127.0.0.1', 'com.hzau.servlet.NewsServlet', 'changeNews', '2018-08-25 14:14:45', 'INFO', '修改新闻');
INSERT INTO `logs` VALUES (125, 'Yang', '127.0.0.1', 'com.hzau.servlet.InfoServlet', 'changeInfo', '2018-08-25 14:25:55', 'INFO', '修改公告');
INSERT INTO `logs` VALUES (126, 'Yang', '127.0.0.1', 'com.hzau.servlet.InfoServlet', 'changeInfo', '2018-08-25 14:26:08', 'INFO', '修改公告');
INSERT INTO `logs` VALUES (127, 'Yang', '127.0.0.1', 'com.hzau.servlet.InfoServlet', 'changeInfo', '2018-08-25 14:28:55', 'INFO', '修改公告');
INSERT INTO `logs` VALUES (128, 'Yang', '127.0.0.1', 'com.hzau.servlet.NewsServlet', 'addNews', '2018-08-25 14:33:28', 'INFO', '添加新闻');
INSERT INTO `logs` VALUES (129, 'Yang', '127.0.0.1', 'com.hzau.servlet.NewsServlet', 'changeNews', '2018-08-25 14:33:55', 'INFO', '修改新闻');
INSERT INTO `logs` VALUES (130, '93222.84187942819', '', 'com.hzau.servlet.InfoServlet', 'changeInfo', '2018-08-25 14:52:27', 'INFO', '修改公告');
INSERT INTO `logs` VALUES (131, '93222.84187942819', '', 'com.hzau.servlet.InfoServlet', 'changeInfo', '2018-08-25 14:52:38', 'INFO', '修改公告');
INSERT INTO `logs` VALUES (132, '77114.2388525689', '', 'com.hzau.servlet.InfoServlet', 'changeInfo', '2018-08-25 14:57:18', 'INFO', '修改公告');
INSERT INTO `logs` VALUES (133, '74553.10363430138', '', 'com.hzau.servlet.NewsServlet', 'addNews', '2018-08-25 15:32:19', 'INFO', '添加新闻');
INSERT INTO `logs` VALUES (134, '74553.10363430138', '', 'com.hzau.servlet.NewsServlet', 'changeNews', '2018-08-25 15:39:38', 'INFO', '修改新闻');
INSERT INTO `logs` VALUES (135, '74553.10363430138', '', 'com.hzau.servlet.InfoServlet', 'changeInfo', '2018-08-25 15:39:43', 'INFO', '修改公告');
INSERT INTO `logs` VALUES (136, '74553.10363430138', '', 'com.hzau.servlet.NewsServlet', 'changeNews', '2018-08-25 16:19:05', 'INFO', '修改新闻');
INSERT INTO `logs` VALUES (137, '74553.10363430138', '', 'com.hzau.servlet.NewsServlet', 'changeNews', '2018-08-25 16:19:12', 'INFO', '修改新闻');
INSERT INTO `logs` VALUES (138, '74553.10363430138', '', 'com.hzau.servlet.InfoServlet', 'addInfo', '2018-08-25 16:22:34', 'INFO', '添加公告');
INSERT INTO `logs` VALUES (139, '74553.10363430138', '', 'com.hzau.servlet.InfoServlet', 'addInfo', '2018-08-25 16:24:25', 'INFO', '添加公告');
INSERT INTO `logs` VALUES (140, '74553.10363430138', '', 'com.hzau.servlet.NewsServlet', 'addNews', '2018-08-25 16:25:11', 'INFO', '添加新闻');
INSERT INTO `logs` VALUES (151, 'Yang', '127.0.0.1', 'com.hzau.servlet.InfoServlet', 'changeInfo', '2018-08-25 20:01:18', 'INFO', '修改公告');
INSERT INTO `logs` VALUES (152, 'Yang', '127.0.0.1', 'com.hzau.servlet.InfoServlet', 'changeInfo', '2018-08-25 20:01:20', 'INFO', '修改公告');
INSERT INTO `logs` VALUES (153, 'Yang', '127.0.0.1', 'com.hzau.servlet.InfoServlet', 'changeInfo', '2018-08-25 20:01:22', 'INFO', '修改公告');
INSERT INTO `logs` VALUES (154, 'Yang', '127.0.0.1', 'com.hzau.servlet.InfoServlet', 'changeInfo', '2018-08-25 20:01:25', 'INFO', '修改公告');
INSERT INTO `logs` VALUES (155, 'Yang', '127.0.0.1', 'com.hzau.servlet.InfoServlet', 'delInfo', '2018-08-25 20:18:46', 'INFO', '删除公告');
INSERT INTO `logs` VALUES (156, 'Yang', '127.0.0.1', 'com.hzau.servlet.InfoServlet', 'delInfolist', '2018-08-25 20:18:51', 'INFO', '批量删除新闻');
INSERT INTO `logs` VALUES (157, 'Yang', '127.0.0.1', 'com.hzau.servlet.NewsServlet', 'delNews', '2018-08-25 21:39:06', 'INFO', '删除新闻');
INSERT INTO `logs` VALUES (158, 'Yang', '127.0.0.1', 'com.hzau.servlet.InfoServlet', 'delInfo', '2018-08-25 21:39:46', 'INFO', '删除公告');
INSERT INTO `logs` VALUES (159, 'Yang', '127.0.0.1', 'com.hzau.servlet.InfoServlet', 'delInfo', '2018-08-25 21:39:50', 'INFO', '删除公告');
INSERT INTO `logs` VALUES (160, 'Yang', '127.0.0.1', 'com.hzau.servlet.InfoServlet', 'delInfo', '2018-08-25 21:39:56', 'INFO', '删除公告');
INSERT INTO `logs` VALUES (161, 'Yang', '127.0.0.1', 'com.hzau.servlet.InfoServlet', 'delInfo', '2018-08-25 21:40:00', 'INFO', '删除公告');
INSERT INTO `logs` VALUES (162, 'Yang', '127.0.0.1', 'com.hzau.servlet.InfoServlet', 'delInfo', '2018-08-25 21:40:35', 'INFO', '删除公告');
INSERT INTO `logs` VALUES (163, 'Yang', '127.0.0.1', 'com.hzau.servlet.NewsServlet', 'changeNews', '2018-08-25 21:45:01', 'INFO', '修改新闻');
INSERT INTO `logs` VALUES (164, 'Yang', '127.0.0.1', 'com.hzau.servlet.NewsServlet', 'delNews', '2018-08-25 21:45:05', 'INFO', '删除新闻');
INSERT INTO `logs` VALUES (165, 'Yang', '127.0.0.1', 'com.hzau.servlet.NewsServlet', 'changeNews', '2018-08-25 21:45:27', 'INFO', '修改新闻');
INSERT INTO `logs` VALUES (166, 'Yang', '127.0.0.1', 'com.hzau.servlet.InfoServlet', 'changeInfo', '2018-08-25 22:34:47', 'INFO', '修改公告');
INSERT INTO `logs` VALUES (167, 'Yang', '127.0.0.1', 'com.hzau.servlet.InfoServlet', 'changeInfo', '2018-08-25 22:34:51', 'INFO', '修改公告');
INSERT INTO `logs` VALUES (168, 'Yang', '127.0.0.1', 'com.hzau.servlet.InfoServlet', 'changeInfo', '2018-08-25 22:34:53', 'INFO', '修改公告');
INSERT INTO `logs` VALUES (169, 'Yang', '127.0.0.1', 'com.hzau.servlet.InfoServlet', 'changeInfo', '2018-08-25 22:34:54', 'INFO', '修改公告');
INSERT INTO `logs` VALUES (170, '78803.694785834', '127.0.0.1', 'com.hzau.servlet.NewsServlet', 'changeNews', '2018-08-26 12:55:14', 'INFO', '修改新闻');
INSERT INTO `logs` VALUES (176, 'Yang', '127.0.0.1', 'com.hzau.servlet.NewsServlet', 'changeNews', '2018-08-26 14:52:03', 'INFO', '修改新闻');
INSERT INTO `logs` VALUES (177, 'Yang', '127.0.0.1', 'com.hzau.servlet.NewsServlet', 'changeNews', '2018-08-26 14:52:54', 'INFO', '修改新闻');
INSERT INTO `logs` VALUES (178, 'Yang', '127.0.0.1', 'com.hzau.servlet.NewsServlet', 'changeNews', '2018-08-26 14:55:50', 'INFO', '修改新闻');
INSERT INTO `logs` VALUES (179, 'Yang', '127.0.0.1', 'com.hzau.servlet.NewsServlet', 'changeNews', '2018-08-26 14:57:29', 'INFO', '修改新闻');
INSERT INTO `logs` VALUES (180, 'Yang', '127.0.0.1', 'com.hzau.servlet.NewsServlet', 'changeNews', '2018-08-26 14:57:59', 'INFO', '修改新闻');
INSERT INTO `logs` VALUES (181, 'Yang', '127.0.0.1', 'com.hzau.servlet.NewsServlet', 'changeNews', '2018-08-26 14:58:10', 'INFO', '修改新闻');
INSERT INTO `logs` VALUES (182, 'Yang', '127.0.0.1', 'com.hzau.servlet.NewsServlet', 'changeNews', '2018-08-26 15:00:19', 'INFO', '修改新闻');
INSERT INTO `logs` VALUES (183, 'Yang', '127.0.0.1', 'com.hzau.servlet.NewsServlet', 'changeNews', '2018-08-26 15:00:34', 'INFO', '修改新闻');
INSERT INTO `logs` VALUES (184, 'Yang', '127.0.0.1', 'com.hzau.servlet.InfoServlet', 'changeInfo', '2018-08-26 15:03:40', 'INFO', '修改公告');
INSERT INTO `logs` VALUES (185, 'Yang', '127.0.0.1', 'com.hzau.servlet.InfoServlet', 'changeInfo', '2018-08-26 15:03:44', 'INFO', '修改公告');
INSERT INTO `logs` VALUES (186, 'Yang', '127.0.0.1', 'com.hzau.servlet.InfoServlet', 'changeInfo', '2018-08-26 15:05:13', 'INFO', '修改公告');
INSERT INTO `logs` VALUES (187, 'Yang', '127.0.0.1', 'com.hzau.servlet.InfoServlet', 'changeInfo', '2018-08-26 15:08:51', 'INFO', '修改公告');
INSERT INTO `logs` VALUES (188, 'Yang', '127.0.0.1', 'com.hzau.servlet.InfoServlet', 'changeInfo', '2018-08-26 15:09:01', 'INFO', '修改公告');
INSERT INTO `logs` VALUES (189, 'Yang', '127.0.0.1', 'com.hzau.servlet.InfoServlet', 'changeInfo', '2018-08-26 15:13:12', 'INFO', '修改公告');
INSERT INTO `logs` VALUES (190, 'Yang', '127.0.0.1', 'com.hzau.servlet.InfoServlet', 'changeInfo', '2018-08-26 15:13:44', 'INFO', '修改公告');
INSERT INTO `logs` VALUES (191, 'Yang', '127.0.0.1', 'com.hzau.servlet.InfoServlet', 'changeInfo', '2018-08-26 15:14:01', 'INFO', '修改公告');
INSERT INTO `logs` VALUES (192, 'Yang', '127.0.0.1', 'com.hzau.servlet.NewsServlet', 'delNews', '2018-08-26 15:35:42', 'INFO', '删除新闻');
INSERT INTO `logs` VALUES (193, 'Yang', '127.0.0.1', 'com.hzau.servlet.NewsServlet', 'changeNews', '2018-08-26 15:36:10', 'INFO', '修改新闻');
INSERT INTO `logs` VALUES (194, 'Yang', '127.0.0.1', 'com.hzau.servlet.NewsServlet', 'delNews', '2018-08-26 16:40:53', 'INFO', '删除新闻');
INSERT INTO `logs` VALUES (195, 'Yang', '127.0.0.1', 'com.hzau.servlet.NewsServlet', 'changeNews', '2018-08-26 16:42:05', 'INFO', '修改新闻');
INSERT INTO `logs` VALUES (196, 'Yang', '127.0.0.1', 'com.hzau.servlet.NewsServlet', 'changeNews', '2018-08-26 16:42:26', 'INFO', '修改新闻');
INSERT INTO `logs` VALUES (197, 'Yang', '127.0.0.1', 'com.hzau.servlet.NewsServlet', 'changeNews', '2018-08-26 16:42:42', 'INFO', '修改新闻');
INSERT INTO `logs` VALUES (198, 'Yang', '127.0.0.1', 'com.hzau.servlet.NewsServlet', 'changeNews', '2018-08-26 16:44:23', 'INFO', '修改新闻');
INSERT INTO `logs` VALUES (199, 'Yang', '127.0.0.1', 'com.hzau.servlet.NewsServlet', 'changeNews', '2018-08-26 16:44:53', 'INFO', '修改新闻');
INSERT INTO `logs` VALUES (200, 'Yang', '127.0.0.1', 'com.hzau.servlet.NewsServlet', 'changeNews', '2018-08-26 16:45:38', 'INFO', '修改新闻');
INSERT INTO `logs` VALUES (201, 'Yang', '127.0.0.1', 'com.hzau.servlet.NewsServlet', 'changeNews', '2018-08-26 16:45:54', 'INFO', '修改新闻');
INSERT INTO `logs` VALUES (202, 'Yang', '127.0.0.1', 'com.hzau.servlet.NewsServlet', 'changeNews', '2018-08-26 16:47:20', 'INFO', '修改新闻');
INSERT INTO `logs` VALUES (203, 'Yang', '127.0.0.1', 'com.hzau.servlet.NewsServlet', 'changeNews', '2018-08-26 16:48:47', 'INFO', '修改新闻');
INSERT INTO `logs` VALUES (204, 'Yang', '127.0.0.1', 'com.hzau.servlet.NewsServlet', 'changeNews', '2018-08-26 16:49:25', 'INFO', '修改新闻');
INSERT INTO `logs` VALUES (205, 'Yang', '127.0.0.1', 'com.hzau.servlet.NewsServlet', 'changeNews', '2018-08-26 16:50:08', 'INFO', '修改新闻');
INSERT INTO `logs` VALUES (206, 'Yang', '127.0.0.1', 'com.hzau.servlet.NewsServlet', 'changeNews', '2018-08-26 16:50:36', 'INFO', '修改新闻');
INSERT INTO `logs` VALUES (207, 'Yang', '127.0.0.1', 'com.hzau.servlet.NewsServlet', 'changeNews', '2018-08-26 16:51:30', 'INFO', '修改新闻');
INSERT INTO `logs` VALUES (208, 'Yang', '127.0.0.1', 'com.hzau.servlet.NewsServlet', 'changeNews', '2018-08-26 16:52:11', 'INFO', '修改新闻');
INSERT INTO `logs` VALUES (209, 'Yang', '127.0.0.1', 'com.hzau.servlet.NewsServlet', 'changeNews', '2018-08-26 16:53:14', 'INFO', '修改新闻');
INSERT INTO `logs` VALUES (210, 'Yang', '127.0.0.1', 'com.hzau.servlet.NewsServlet', 'changeNews', '2018-08-26 16:56:01', 'INFO', '修改新闻');
INSERT INTO `logs` VALUES (211, 'Yang', '127.0.0.1', 'com.hzau.servlet.NewsServlet', 'changeNews', '2018-08-26 16:56:43', 'INFO', '修改新闻');
INSERT INTO `logs` VALUES (212, 'Yang', '127.0.0.1', 'com.hzau.servlet.NewsServlet', 'changeNews', '2018-08-26 16:58:46', 'INFO', '修改新闻');
INSERT INTO `logs` VALUES (213, 'Yang', '127.0.0.1', 'com.hzau.servlet.NewsServlet', 'changeNews', '2018-08-26 16:59:21', 'INFO', '修改新闻');
INSERT INTO `logs` VALUES (214, 'Yang', '127.0.0.1', 'com.hzau.servlet.NewsServlet', 'changeNews', '2018-08-26 17:00:09', 'INFO', '修改新闻');
INSERT INTO `logs` VALUES (215, 'Yang', '127.0.0.1', 'com.hzau.servlet.NewsServlet', 'changeNews', '2018-08-26 17:01:03', 'INFO', '修改新闻');
INSERT INTO `logs` VALUES (216, 'Yang', '127.0.0.1', 'com.hzau.servlet.NewsServlet', 'changeNews', '2018-08-26 17:01:50', 'INFO', '修改新闻');
INSERT INTO `logs` VALUES (217, 'Yang', '127.0.0.1', 'com.hzau.servlet.NewsServlet', 'changeNews', '2018-08-26 17:02:49', 'INFO', '修改新闻');
INSERT INTO `logs` VALUES (218, 'Yang', '127.0.0.1', 'com.hzau.servlet.NewsServlet', 'changeNews', '2018-08-26 17:03:31', 'INFO', '修改新闻');
INSERT INTO `logs` VALUES (219, 'Yang', '127.0.0.1', 'com.hzau.servlet.NewsServlet', 'changeNews', '2018-08-26 17:03:50', 'INFO', '修改新闻');
INSERT INTO `logs` VALUES (220, 'Yang', '127.0.0.1', 'com.hzau.servlet.NewsServlet', 'changeNews', '2018-08-26 17:04:25', 'INFO', '修改新闻');
INSERT INTO `logs` VALUES (221, 'Yang', '127.0.0.1', 'com.hzau.servlet.NewsServlet', 'changeNews', '2018-08-26 17:05:49', 'INFO', '修改新闻');
INSERT INTO `logs` VALUES (222, 'Yang', '127.0.0.1', 'com.hzau.servlet.NewsServlet', 'changeNews', '2018-08-26 17:06:13', 'INFO', '修改新闻');
INSERT INTO `logs` VALUES (223, 'Yang', '127.0.0.1', 'com.hzau.servlet.InfoServlet', 'changeInfo', '2018-08-26 17:07:51', 'INFO', '修改公告');
INSERT INTO `logs` VALUES (224, 'Yang', '127.0.0.1', 'com.hzau.servlet.InfoServlet', 'changeInfo', '2018-08-26 17:09:01', 'INFO', '修改公告');
INSERT INTO `logs` VALUES (225, 'Yang', '127.0.0.1', 'com.hzau.servlet.InfoServlet', 'changeInfo', '2018-08-26 17:09:06', 'INFO', '修改公告');
INSERT INTO `logs` VALUES (226, 'Yang', '127.0.0.1', 'com.hzau.servlet.InfoServlet', 'changeInfo', '2018-08-26 17:10:07', 'INFO', '修改公告');
INSERT INTO `logs` VALUES (227, 'Yang', '127.0.0.1', 'com.hzau.servlet.InfoServlet', 'changeInfo', '2018-08-26 17:10:35', 'INFO', '修改公告');
INSERT INTO `logs` VALUES (228, 'Yang', '127.0.0.1', 'com.hzau.servlet.InfoServlet', 'changeInfo', '2018-08-26 17:11:41', 'INFO', '修改公告');
INSERT INTO `logs` VALUES (229, 'Yang', '127.0.0.1', 'com.hzau.servlet.InfoServlet', 'changeInfo', '2018-08-26 17:12:55', 'INFO', '修改公告');
INSERT INTO `logs` VALUES (230, 'Yang', '127.0.0.1', 'com.hzau.servlet.InfoServlet', 'delInfolist', '2018-08-26 17:13:46', 'INFO', '批量删除公告');
INSERT INTO `logs` VALUES (231, 'Yang', '127.0.0.1', 'com.hzau.servlet.InfoServlet', 'addInfo', '2018-08-26 17:22:22', 'INFO', '添加公告');
INSERT INTO `logs` VALUES (232, 'Yang', '127.0.0.1', 'com.hzau.servlet.InfoServlet', 'delInfo', '2018-08-26 17:22:30', 'INFO', '删除公告');
INSERT INTO `logs` VALUES (233, 'Yang', '127.0.0.1', 'com.hzau.servlet.InfoServlet', 'addInfo', '2018-08-26 17:26:50', 'INFO', '添加公告');
INSERT INTO `logs` VALUES (234, 'Yang', '127.0.0.1', 'com.hzau.servlet.InfoServlet', 'addInfo', '2018-08-26 17:27:51', 'INFO', '添加公告');
INSERT INTO `logs` VALUES (235, 'Yang', '127.0.0.1', 'com.hzau.servlet.InfoServlet', 'addInfo', '2018-08-26 17:28:52', 'INFO', '添加公告');

-- ----------------------------
-- Table structure for news_info
-- ----------------------------
DROP TABLE IF EXISTS `news_info`;
CREATE TABLE `news_info`  (
  `news_id` int(11) NOT NULL AUTO_INCREMENT,
  `newstitle` varchar(500) CHARACTER SET utf8 COLLATE utf8_general_ci NOT NULL,
  `newsauthor` varchar(500) CHARACTER SET utf8 COLLATE utf8_general_ci NOT NULL,
  `context` longtext CHARACTER SET utf8 COLLATE utf8_general_ci NOT NULL,
  `createtime` varchar(200) CHARACTER SET utf8 COLLATE utf8_general_ci NOT NULL,
  `keyword` varchar(500) CHARACTER SET utf8 COLLATE utf8_general_ci DEFAULT NULL,
  `hot` bit(1) NOT NULL,
  PRIMARY KEY (`news_id`) USING BTREE
) ENGINE = InnoDB AUTO_INCREMENT = 33 CHARACTER SET = utf8 COLLATE = utf8_general_ci ROW_FORMAT = Compact;

-- ----------------------------
-- Records of news_info
-- ----------------------------
INSERT INTO `news_info` VALUES (10, '工信部：加快5G系统等重点频率规划和许可进度', ' 新京报', '<blockquote>新京报快讯</blockquote><p class=\"ql-align-justify\"><span class=\"ql-size-large\">据工业和信息化部8月24日消息，8月23-24日，工业和信息化部无线电管理局(国家无线电办公室)在吉林长春组织召开了无线电管理重点工作推进座谈会。工业和信息化部党组成员、总工程师张峰在会上表示，下半年全国无线电管理机构要加快推动《中华人民共和国无线电管理条例》配套规章制度，配合全国人大开展《无线电频谱资源管理法》立法相关工作，加快5G系统等重点频率规划和许可进度。</span></p><p class=\"ql-align-justify\"><br></p><p class=\"ql-align-justify\"><span class=\"ql-size-large\">张峰强调，下半年全国无线电管理机构要按照工业和信息化部的统一部署和要求，做十九大精神的践行者、依法行政的实施者、提高频谱资源使用效率及效益的推动者、良好电波秩序的捍卫者，全力以赴做好无线电管理工作。一是要在无线电管理工作中全面贯彻落实党的十九大精神。围绕十九大报告中关于制造强国、网络强国、军民融合、总体国家安全观等重要论述，下大力气解决无线电事业发展进程中频谱资源供需不平衡不充分的矛盾。同时，各地要抓住机构改革“窗口期”，确保《中华人民共和国无线电管理条例》的各项规定在体制改革中得到真正落实，特别是明确规定无线电管理行政机构和无线电监测技术机构的法定职责，明确规定无线电管理行政与技术机构的领导关系，确保全省(区)一张无线电监测网和统一指挥调度。</span></p><p class=\"ql-align-justify\"><br></p><p class=\"ql-align-justify\"><span class=\"ql-size-large\">二是要以加强制度和队伍建设为重点，推动无线电管理专业能力、监测能力和执法能力上台阶、上水平。在国家层面，要加快推动《中华人民共和国无线电管理条例》配套规章制度，配合全国人大开展《无线电频谱资源管理法》立法相关工作；地方层面，要进一步严格规范执法，提升执法水平。</span></p><p class=\"ql-align-justify\"><br></p><p class=\"ql-align-justify\"><span class=\"ql-size-large\">三是要以提升频率利用效率和效益为着力点，助力经济社会和制造业高质量发展。助力两个强国建设，加快5G系统等重点频率规划和许可进度；缓解频谱使用结构性紧缺，推进频谱资源管理精细化、科学化，对利用率低的频率将依法予以回收；创新台站许可及监管模式，深化无线电管理领域“放管服”改革。</span></p><p class=\"ql-align-justify\"><br></p><p class=\"ql-align-justify\"><span class=\"ql-size-large\">四是要坚持以人民为中心的出发点，忠实履行“电波卫士”职责。强化责任担当，护航重大任务无线电频率使用安全，以监测技术的创新突破深入推进“黑广播” “伪基站”打击治理工作，特别要注重进一步加大对非法使用频率、设置台站的查处力度。</span></p><p class=\"ql-align-justify\"><br></p><p class=\"ql-align-justify\"><span class=\"ql-size-large\">五是要以补短板、提弱项为切入点，抓实无线电管理“十三五”规划中期评估工作。对标时间节点，确保时间、任务双过半；坚持问题导向，进一步完善政策措施；强化责任意识，圆满完成规划任务；培养全民依法使用频率、设置台站的无线电法规意识。</span></p><p class=\"ql-align-justify\"><br></p><p class=\"ql-align-justify\"><span class=\"ql-size-large\">（来源：中国证券网）</span></p>', '2018-08-26   16:42:42', '5G 工信部', b'0');
INSERT INTO `news_info` VALUES (12, '特朗普突然叫停蓬佩奥访朝并怪罪中国 中方回应', '青年时报(杭州)', '<blockquote class=\"ql-align-justify\"><span class=\"ql-size-large\">（原标题：特朗普突然叫停蓬佩奥访朝并怪罪中国 中方：诿过于人不负责任）</span></blockquote><p class=\"ql-align-center\"><img src=\"http://crawl.nosdn.127.net/69e3f158d0e5fb412d562cfeae063a9b.jpg\" alt=\"特朗普突然叫停蓬佩奥访朝并怪罪中国 中方：诿过于人不负责任\"></p><p class=\"ql-align-justify\"><span class=\"ql-size-large\">资料图片：6月12日，朝鲜最高领导人金正恩（左）与美国总统特朗普在新加坡举行会晤。新华社发（新加坡海峡时报供图）</span></p><p class=\"ql-align-justify\"><span class=\"ql-size-large\">	</span><strong class=\"ql-size-large\">参考消息网8月26日报道</strong><span class=\"ql-size-large\">&nbsp;外媒称，美国总统特朗普24日连发三条推文，表示他已经指示国务卿蓬佩奥不要前往朝鲜。蓬佩奥原计划下周访问朝鲜。</span></p><p class=\"ql-align-justify\"><br></p><p class=\"ql-align-justify\"><span class=\"ql-size-large\">	据路透社8月24日报道，美国总统特朗普24日突然取消了其首席外交官计划中的朝鲜之行。白宫官员说，在24日的一次会议上，特朗普要求蓬佩奥不要前往朝鲜，而且两人还一起构思了推文内容。</span></p><p class=\"ql-align-justify\"><br></p><p class=\"ql-align-justify\"><span class=\"ql-size-large\">	报道称，以匿名为条件接受采访的美国官员说，被认为是朝鲜问题上的鹰派人士、正在乌克兰访问的总统国家安全事务助理约翰·博尔顿通过电话参与了他们的讨论。</span></p><p class=\"ql-align-justify\"><br></p><p class=\"ql-align-justify\"><span class=\"ql-size-large\">	该官员说，其他许多重要官员则是通过电视屏幕上的滚动字幕获悉特朗普的决定的，其中有些官员当时还在参加一场有关朝鲜谈判的会议。一些美国情报和防务官员曾认为蓬佩奥上次的朝鲜之行过于仓促，并表示取得重大进展的前景渺茫。</span></p><p class=\"ql-align-justify\"><br></p><p class=\"ql-align-justify\"><span class=\"ql-size-large\">	美国《华尔街日报》网站8月24日的报道称，特朗普总统当天取消了国务卿蓬佩奥的朝鲜之行。他的这一决定似乎让国务院官员颇感惊讶。</span></p><p class=\"ql-align-justify\"><br></p><p class=\"ql-align-justify\"><span class=\"ql-size-large\">	报道称，一名知情人士透露，在总统发推文取消访问时，蓬佩奥正在白宫与特朗普会面。特朗普是在与蓬佩奥交谈并获得有关谈判情况的最新信息后作出这一决定的。自特朗普6月会见朝鲜最高领导人金正恩以来，双方的谈判陷入僵局。这名知情人士说，特朗普在与其最高外交官见面时说：“我对进展不满意。”</span></p><p class=\"ql-align-justify\"><br></p><p class=\"ql-align-justify\"><span class=\"ql-size-large\"> 另据英国《金融时报》网站8月24日报道，蓬佩奥原定下周前往平壤进行他对朝鲜的第四次访问，随行者中包括新任命的朝鲜事务特别代表斯蒂芬·比根。总统国家安全事务助理博尔顿此前表示，在媒体广泛报道蓬佩奥在7月引发争议的第三次朝鲜之行中受到朝方领导人冷落之后，他此次有望与金正恩会晤。</span></p><p class=\"ql-align-justify\"><br></p><p class=\"ql-align-justify\"><span class=\"ql-size-large\">	报道称，尽管对谈判表达了严重失望，但特朗普尝试向平壤发出乐观声调，寻求继续保持与金正恩的私人关系。他说：“我向金正恩委员长送去最温暖的问候与敬意。”</span></p><p class=\"ql-align-justify\"><br></p><p class=\"ql-align-justify\"><span class=\"ql-size-large\">	又据美联社8月25日报道称，韩国外交部称美国取消蓬佩奥朝鲜之行的决定“令人遗憾”，但表示最重要的是韩美两国力争在无核化问题上取得“实质性进展”。韩国25日的声明是在特朗普总统指示蓬佩奥推迟访朝行程后发表的。</span></p><p class=\"ql-align-justify\"><br></p><p class=\"ql-align-justify\"><span class=\"ql-size-large\">	此外，英国《金融时报》网站8月24日报道称，美国总统特朗普取消了国务卿蓬佩奥原定下周的朝鲜之行。特朗普还说，正在与华盛顿进行贸易战的中国对于实施制裁不再那么帮忙。他似乎要把自己的关税战役置于比拆除平壤大规模核武器的行动更优先的地位。</span></p><p class=\"ql-align-justify\"><span class=\"ql-size-large\"> 美国《华盛顿邮报》网站8月24日报道指出，特朗普总统将取消蓬佩奥访朝归因于中国。美国官员抱怨说，北京最近几周似乎正在允许进行更多与朝鲜之间的跨境贸易。</span></p><p class=\"ql-align-justify\"><br></p><p class=\"ql-align-justify\"><span class=\"ql-size-large\">	对此，中国外交部发言人陆慷25日回应称，美方的说法违背基本事实，是不负责任的，中方对此严重关切，并已向美方提出严正交涉。</span></p><p class=\"ql-align-justify\"><span class=\"ql-size-large\">	陆慷表示，中方在朝鲜半岛核问题上的立场是一贯和明确的。中方坚持实现朝鲜半岛无核化，坚持维护朝鲜半岛和平稳定，坚持通过对话协商解决问题。多年来，中方为推动半岛核问题的妥善解决作出了不懈努力，发挥了重要、建设性作用，中方一直全面严格执行安理会涉朝决议。国际社会对这一切是有目共睹的。</span></p><p class=\"ql-align-justify\"><br></p><p class=\"ql-align-justify\"><span class=\"ql-size-large\">	陆慷强调，中方支持美朝双方按照两国领导人新加坡会晤共识，积极推进政治解决半岛问题进程。现在的问题是，有关各方应当坚持政治解决的方向，积极接触、商谈，照顾彼此合理关切，展示更多诚意和灵活性，而不是反复无常，诿过于人，这样才能确保政治解决半岛问题进程不断取得进展。</span></p>', '2018-08-26   16:45:54', '特朗普', b'1');
INSERT INTO `news_info` VALUES (14, '滴滴:27日起全国内下线顺风车业务 2名高管被免职', '长江网-长江日报', '<p><br></p><blockquote class=\"ql-align-justify\"><span class=\"ql-size-large\">	（原标题：滴滴宣布顺风车业务在全国范围内下线）</span></blockquote><p class=\"ql-align-justify\"><span class=\"ql-size-large\">	公司做出自8月27日零时起，在全国范围内下线顺风车业务,内部重新评估业务模式及产品逻辑等决定。</span></p><p class=\"ql-align-center\"><img src=\"http://cms-bucket.nosdn.127.net/catchpic/c/c1/c16b80ba099bc183cb806f0eff82aa71.jpg?imageView&amp;thumbnail=550x0\" alt=\"公司做出自8月27日零时起，在全国范围内下线顺风车业务,内部重新评估业务模式及产品逻辑等决定\"></p><p><br></p>', '2018-08-26   16:47:20', '滴滴', b'1');
INSERT INTO `news_info` VALUES (15, '太懂事!10岁女孩蹬三轮帮残疾父母卖废品到凌晨2点', ' 环球外汇网', '<p class=\"ql-align-justify\"><span class=\"ql-size-large\">	（原标题：10岁女孩蹬三轮帮父母卖废品 妈妈:心疼也没办法）</span></p><p class=\"ql-align-justify\"><span class=\"ql-size-large\">	</span></p><p class=\"ql-align-justify\"><a href=\"http://v.163.com/paike/VCH54KJN0/VAP55NEB4.html\" target=\"_blank\" style=\"color: rgb(0, 0, 0);\" class=\"ql-size-large\">太懂事！10岁女孩暑假每天蹬三轮帮残疾父母卖废品到凌晨2点</a></p><p class=\"ql-align-justify\"><span style=\"color: rgb(167, 167, 167);\" class=\"ql-size-large\">（来源：~）</span></p><p class=\"ql-align-justify\"><br></p><p class=\"ql-align-justify\"><span class=\"ql-size-large\">		在河南郑州，10岁的女孩露露在马路上骑着一辆三轮车，三轮车后方拉了很多空瓶子。露露的妈妈患有小儿麻痹症，所以她才在暑假从农村来到城里，帮妈妈骑车去卖废品，而她的爸爸因为修桥时桥断了把腰砸折了，现在行动不便，需要借助拐杖才行。</span></p><p class=\"ql-align-center\"><span class=\"ql-size-large\"><img src=\"http://cms-bucket.nosdn.127.net/catchpic/d/db/dbea02b52cc188f3ffb64205f7986fd3.png?imageView&amp;thumbnail=550x0\" alt=\"9bbc72e07ac1a083414c37bff2448120.png\" height=\"332\" width=\"600\"></span></p><p class=\"ql-align-center\"><span class=\"ql-size-large\"><img src=\"http://cms-bucket.nosdn.127.net/catchpic/7/70/7012e9223f4e1a484a5cfe76eb1df12d.png?imageView&amp;thumbnail=550x0\" alt=\"10e698f6ca1e2a2294634b2398df9d31.png\" height=\"343\" width=\"600\"></span></p><p class=\"ql-align-justify\"><span class=\"ql-size-large\">	露露说，妈妈为了养活她和弟弟，每天特别辛苦，她感到非常心疼，所以趁着暑假有时间，就帮忙妈妈去卖废品。露露每天陪着妈妈一块去卖废品，每天都要捡到凌晨两点钟。而她们一家四口人，就居住在一个只有八九平方米的出租房内。露露拿出了自己写的作文本，念了她写的《我的妈妈》中，最想和妈妈说的一段话，她说自己现在还不会做饭，一定会快点学会做饭给爸爸妈妈爷爷奶奶吃。</span></p><p class=\"ql-align-center\"><span class=\"ql-size-large\"><img src=\"http://cms-bucket.nosdn.127.net/catchpic/8/81/8141f000e3fa829248898f602e0d84eb.png?imageView&amp;thumbnail=550x0\" alt=\"dfd72f9be249792e23839c885b289da1.png\" height=\"333\" width=\"600\"></span></p><p class=\"ql-align-justify\"><span class=\"ql-size-large\">	当问到露露的母亲，是否心疼孩子的时候，她说：“我心疼也没办法，一想到孩子，我就想哭。”说到这里的时候，露露的妈妈哽咽了。马上就要开学了，懂事的露露又要回到老家，带着弟弟一起上学。谈论到长大以后想要做什么的时候，露露笑着说：“不想那些，学好了，长大了想干啥就干啥。”</span></p><p class=\"ql-align-center\"><span class=\"ql-size-large\"><img src=\"http://cms-bucket.nosdn.127.net/catchpic/4/42/4260d132c98574521677824a840d54f5.png?imageView&amp;thumbnail=550x0\" alt=\"9e9bf7fb27dc6ede6d88de27f8ddcb19.png\" height=\"329\" width=\"600\"></span></p><p><br></p>', '2018-08-26   16:48:47', '10岁女孩蹬三轮帮残疾父母卖废品到凌晨2点', b'1');
INSERT INTO `news_info` VALUES (16, '哈尔滨北龙温泉休闲酒店发生火灾 已造成16人死亡', ' 央视新闻', '<blockquote>原标题：哈尔滨北龙温泉休闲酒店发生火灾 已造成16人死亡</blockquote><h2><strong>11点46更新：</strong></h2><h2><strong>应急管理部：哈尔滨酒店火灾已造成16人死亡</strong></h2><p><span class=\"ql-size-large\" style=\"color: rgb(63, 63, 63);\"> 记者从应急管理部了解到，8月25日4时36分，黑龙江省哈尔滨市松北区太阳岛北龙温泉休闲酒店发生火灾，已死亡16人。</span></p><p><span class=\"ql-size-large\" style=\"color: rgb(63, 63, 63);\">接到事故报告后，应急管理部高度重视，立刻派出工作组赶赴现场指导火灾处置和原因调查工作。要求全力搜救被困人员，查清火灾原因。</span></p><p class=\"ql-align-center\"><span class=\"ql-size-large\" style=\"color: rgb(63, 63, 63);\"><img src=\"http://n.sinaimg.cn/news/crawl/74/w550h324/20180825/RUMY-hicsiaw9654144.png\" alt=\"11点38分更新：\"></span></p><p><strong class=\"ql-size-large\">11点38分更新：</strong></p><p><strong class=\"ql-size-large\"> 太阳岛火灾：应急管理部派出工作组</strong></p><p><span class=\"ql-size-large\" style=\"color: rgb(63, 63, 63);\"> 哈尔滨市松北区太阳岛一温泉酒店发生火灾后，应急管理部高度重视，已派出工作组赶赴现场，全力指导火灾处置和原因调查工作。 要求全力搜救被困人员，严防发生次生灾害。要查清事故原因，深刻吸取教训，部署全国对突出火灾隐患进行彻底整改。 （央视记者 崔世杰）</span></p><p class=\"ql-align-center\"><span class=\"ql-size-large\" style=\"color: rgb(63, 63, 63);\"><img src=\"http://n.sinaimg.cn/news/crawl/66/w542h324/20180825/KiWY-hicsiaw9654184.png\" alt=\"11点32分发布：\"></span></p><p class=\"ql-align-center\"><br></p><p><br></p><p><strong class=\"ql-size-large\">11点32分发布：</strong></p><p><strong class=\"ql-size-large\"> 哈尔滨北龙温泉休闲酒店发生火灾 已造成多人死亡</strong></p><p><span class=\"ql-size-large\" style=\"color: rgb(63, 63, 63);\"> 记者25日中午从现场了解到，25日凌晨4点36分，位于哈尔滨市太阳岛景区的北龙温泉休闲酒店发生火灾，初步认定火灾已造成多人伤亡。</span></p><p><span class=\"ql-size-large\" style=\"color: rgb(63, 63, 63);\">记者了解到，火灾发生后哈尔滨市消防部门共出动5个中队赶赴现场，30台消防车、107名消防官兵参与扑救。记者在现场了解到，起火建筑为四层砖混结构，建筑面积18000平方米，建筑2层，3层，4层部分过火，过火面积约为400平方米。</span></p><p><span class=\"ql-size-large\" style=\"color: rgb(63, 63, 63);\">6时30分，消防官兵成功搜救出2人，随后又陆续搜救出14人，7时50分火灾被扑灭，火灾中受伤人员已被送往医院救治。</span></p><p><span class=\"ql-size-large\" style=\"color: rgb(63, 63, 63);\">事故发生后，应急管理部第一时间派出工作组赴黑龙江指导救援和火灾调查等工作。另外，具体伤亡人数及起火原因仍在调查统计中。</span></p><p><span class=\"ql-size-large\" style=\"color: rgb(63, 63, 63);\">	点击进入专题：</span></p><p><span class=\"ql-size-large\" style=\"color: rgb(63, 63, 63);\">	</span><a href=\"http://news.sina.cn/zt_d/huozai0825\" target=\"_blank\" class=\"ql-size-large\" style=\"color: rgb(94, 111, 170);\">哈尔滨一酒店发生火灾 造成多人死亡</a></p><p class=\"ql-align-right\">责任编辑：张建利</p>', '2018-08-26   16:50:07', '哈尔滨 火灾', b'1');
INSERT INTO `news_info` VALUES (17, '安倍晋三将参加日本自民党总裁选举 或迎三连任', ' 和讯期货', '<p class=\"ql-align-justify\">	（原标题：日本时隔6年再次进行自民党总裁选举战 安倍晋三正式表明参与此次选举）</p><p class=\"ql-align-justify\">	日本首相安倍晋三26号下午在日本鹿儿岛县正式表明将出马参加今年9月举行的自民党总裁选举。如果获胜，这将是安倍三连任自民党总裁。</p><p class=\"ql-align-center\"><img src=\"http://dingyue.nosdn.127.net/LaYC0u0BuGmxCO4celZ59jOkBATPSOwt8aOncxnf66UCR1535269487163.jpg\" alt=\"安倍晋三正式声明：将参加9月日本自民党总裁选举 \">（资料图）</p><p class=\"ql-align-center\">	</p><p class=\"ql-align-justify\">	目前另外一名表明参选意向的候选人为自民党议员、自民党前干事长石破茂。同时，总务大臣野田圣子也曾表示过希望参加总裁选举，但是由于可能无法确保规定的20名自民党所属国会议员推荐人，所以预计将于本月底表明放弃参选。</p><p class=\"ql-align-justify\">	本次自民党总裁选举将于9月7号发布选举公告，9月20号进行投计票。由于在2015年9月，只有安倍一人候选总裁，所以这是自2012年9月以来时隔6年再次进行自民党总裁选举战。</p><p class=\"ql-align-justify\">	<a href=\"https://news.163.com/\" target=\"_blank\" style=\"color: rgb(15, 107, 153);\"><img src=\"http://static.ws.126.net/cnews/css13/img/end_news.png\" alt=\"徐萌\" height=\"12\" width=\"13\"></a>&nbsp;本文来源：央视新闻移动网</p><p class=\"ql-align-justify\">责任编辑：杨艺_NBJ10647</p><p><br></p>', '2018-08-26   16:50:36', NULL, b'1');
INSERT INTO `news_info` VALUES (18, '9岁小和尚顽劣破坏佛教仪式 遭64岁僧人虐打致死', ' 证券时报', '<p class=\"ql-align-justify\">	（原标题：9岁小和尚顽劣破坏佛教仪式 遭僧人虐打致死）</p><p class=\"ql-align-justify\">	一名9岁的泰国小和尚遭僧人殴打后死亡，据报道，肇事僧人不仅用竹棍多次狠击小男孩背部，还将其头部撞向柱子。</p><p class=\"ql-align-center\"><img src=\"http://dingyue.nosdn.127.net/tieRouhuWuuEazm5oGywj89OIO4=pILvbUOMa7ZYGqbnp1535269342686.jpg\" alt=\"9岁小和尚顽劣破坏佛教仪式 遭64岁僧人虐打致死\">西萨瓦德（左），9岁</p><p class=\"ql-align-justify\">	据英国《每日邮报》24日报道，该事件发生在泰国中部北碧府的寺庙中，该地离首都曼谷有两个小时的车程。</p><p class=\"ql-align-justify\">	在上周末举行的佛教祈祷仪式上，名为西萨瓦德的小和尚表现出\"顽劣\"的行为，扰乱了仪式。这一举动令64岁的僧人苏希亚诺当场大发雷霆。</p><p class=\"ql-align-center\"><img src=\"http://dingyue.nosdn.127.net/i8bKVe60LDot2QjEVeMq=qvRkrbQPOTMXgAkQbHANX5fE1535269342687.jpg\" alt=\"9岁小和尚顽劣破坏佛教仪式 遭64岁僧人虐打致死\"></p><p class=\"ql-align-justify\">	苏希亚诺用竹棍多次击打西萨瓦德背部，还将后者头部撞向寺庙中的柱子。西萨瓦德昏迷后被送往医院，23日晚，医院宣布西萨瓦德不治身亡。</p><p class=\"ql-align-justify\">	泰国当局说，警方最初在19日逮捕苏希亚诺时，是指控他殴打他人。但在这名男孩死后，该指控将被修改为殴打致死罪。</p><p class=\"ql-align-center\"><img src=\"http://dingyue.nosdn.127.net/o7Dw6xQYxdugE4CTaZBo6HwnTZtQBP1tL4Dz9MKgX1V6H1535269342688.jpg\" alt=\"9岁小和尚顽劣破坏佛教仪式 遭64岁僧人虐打致死\">苏希亚诺</p><p class=\"ql-align-center\">	</p><p class=\"ql-align-justify\">	苏希亚诺被捕后，已经被取消了僧侣的地位。受害者西萨瓦德的母亲在接受电话采访时表示，她\"不会原谅\"苏希亚诺的。</p><p class=\"ql-align-justify\">	佛教信仰与泰国的日常生活息息相关，大多数成年男性、男孩常常会在寺庙中花一些时间修炼佛法。僧侣在泰国的地位和权威至高无上，但执政的军政府对违反法律的人员采取强硬立场。本月早些时候，泰国一名僧人因为炫富及参与洗钱和欺诈，被判处114年监禁。</p><p class=\"ql-align-justify\">	<a href=\"https://news.163.com/\" target=\"_blank\" style=\"color: rgb(15, 107, 153);\"><img src=\"http://static.ws.126.net/cnews/css13/img/end_news.png\" alt=\"杨艺\" height=\"12\" width=\"13\"></a>&nbsp;本文来源：看看新闻Knews</p><p class=\"ql-align-justify\">责任编辑：杨艺_NBJ10647</p><p><br></p>', '2018-08-26   16:51:30', '小和尚', b'1');
INSERT INTO `news_info` VALUES (19, '奥巴马发文缅怀麦凯恩:我们都忠于某种更高的理想', '环球网', '<p class=\"ql-align-justify\">	（原标题：美国前总统奥巴马发文缅怀麦凯恩：我们都忠诚于某种更高层面的理想）</p><p class=\"ql-align-center\"><img src=\"http://cms-bucket.nosdn.127.net/catchpic/c/c5/c5494e60c7d6d530366cc3b0792f1c54.png?imageView&amp;thumbnail=550x0\" alt=\"奥巴马发文缅怀麦凯恩:我们都忠于某种更高的理想\" height=\"358\" width=\"600\"></p><p class=\"ql-align-center\">(奥巴马推特截图)</p><p class=\"ql-align-center\">	</p><p class=\"ql-align-justify\">	【环球网报道 实习记者 张飞扬】据美国《纽约时报》26日报道，美国政治家、共和党人约翰·麦凯恩因脑癌去世，享年81岁。麦凯恩曾在2008年以共和党总统候选人的身份与美国前总统奥巴马角逐总统选举，但不幸落败。奥巴马今日在推特上发表声明，缅怀了这位曾经的竞争对手。</p><p class=\"ql-align-justify\">	奥巴马的声明全文如下：</p><p class=\"ql-align-justify\">	约翰·麦凯恩和我是不同世代的成员，来自完全不同的背景，在政治最高阶层彼此竞争。尽管我们有很多不同之处，但是我们都认同、并忠诚于某种更高层面的理想——那是几代美国人和移民一直在奋斗、推动和为之牺牲的理想。我们甚至把我们的政治斗争视为一种特权，一种高尚的东西，一种在国内服务于那些更高的理想，并将之推广到全世界的机会。我们认为这个国家是一个存在任何可能性的地方，而作为爱国义务的公民责任将确保这种可能性长久的持续下去。</p><p class=\"ql-align-justify\">	<a href=\"https://news.163.com/\" target=\"_blank\" style=\"color: rgb(15, 107, 153);\"><img src=\"http://static.ws.126.net/cnews/css13/img/end_news.png\" alt=\"徐萌\" height=\"12\" width=\"13\"></a>&nbsp;本文来源：环球网</p><p class=\"ql-align-justify\">责任编辑：荀建国_NN7379</p><p><br></p>', '2018-08-26   16:52:11', NULL, b'1');
INSERT INTO `news_info` VALUES (20, '美国坚持要求日本响应对伊制裁 不配合就制裁', '中国青年网', '<p class=\"ql-align-justify\"><span class=\"ql-size-large\">	（原标题：美国坚持要求日本响应对伊朗制裁 不允许例外）</span></p><p class=\"ql-align-justify\"><span class=\"ql-size-large\">	据日本共同社8月26日报道，共同社日前获悉了日美两国围绕特朗普政府对伊朗制裁的详细磋商内容。美方要求日本停止进口伊朗产原油，表现出若不配合将列入制裁对象，“不允许例外”的强硬态度。</span></p><p class=\"ql-align-justify\"><span class=\"ql-size-large\">	力争与伊朗维持关系的日方表示这样可能出现日企收益恶化、中国增加进口量而获益的情况，要求将日本排除在制裁对象之外。多名日本政府相关人士25日透露了上述消息。</span></p><p class=\"ql-align-justify\"><span class=\"ql-size-large\">	特朗普政府称，将对伊朗施以“最大限度的压力”，要求包括日本在内的各国截至今年11月底停止进口伊朗产原油。日方关于磋商内容仅说明称“为避免对日企活动造成负面影响，将继续与美方磋商”。</span></p><p class=\"ql-align-center\"><span class=\"ql-size-large\">	</span></p><p class=\"ql-align-justify\"><span class=\"ql-size-large\">	报道指出，虽然在应对朝鲜等方面与美国的合作不可或缺，但日本也不期望与依赖原油进口量中约5%的伊朗“断绝关系”。日方表示确保原油稳定有必要分散采购地，今后也将继续就进口伊朗产原油寻求美方理解。</span></p><p class=\"ql-align-justify\"><span class=\"ql-size-large\">	日美两国6月19日于东京、8月1日及2日于美国华盛顿分别进行磋商时，日方说明称“能源政策上，伊朗是极为重要的国家”。日方强调若停止从伊朗进口原油，不响应美国禁止进口要求的中国将获益，指出“难道要牺牲同盟国日本吗？”</span></p><p class=\"ql-align-justify\"><span class=\"ql-size-large\">	美方提及过去欧盟停止进口的事由，反驳称“日本应该能够做到”。同时强烈要求保持一致步调，称“希望考虑中东稳定与日企收益哪个更重要”。</span></p><p class=\"ql-align-justify\"><span class=\"ql-size-large\">	</span><a href=\"https://news.163.com/\" target=\"_blank\" style=\"color: rgb(15, 107, 153);\" class=\"ql-size-large\"><img src=\"http://static.ws.126.net/cnews/css13/img/end_news.png\" alt=\"荀建国\" height=\"12\" width=\"13\"></a><span class=\"ql-size-large\">&nbsp;本文来源：观察者网</span></p><p class=\"ql-align-justify\"><span class=\"ql-size-large\">责任编辑：荀建国_NN7379</span></p><p><br></p>', '2018-08-26   16:53:14', '美国 日本', b'1');
INSERT INTO `news_info` VALUES (21, '贵州煤矿爆炸致13死7伤 应急部召开警示教育会', ' 中华人民共和国应急管理部', '<p class=\"ql-align-justify\"><span class=\"ql-size-large\">	（原标题：贵州梓木戛煤矿爆炸致13死，应急部在事故现场开警示教育会）</span></p><p class=\"ql-align-justify\"><span class=\"ql-size-large\">	8月23至24日，国务院安委办、应急管理部在贵州省召开贵州六盘水市盘州市梓木戛煤矿“8·6”重大煤与瓦斯突出事故警示教育现场会。会议深入学习了习近平总书记关于安全生产的重要指示精神及国务院领导同志的重要批示要求，通报了梓木戛煤矿“8·6”重大煤与瓦斯突出事故有关情况，剖析了事故原因和暴露出的问题，研究部署了推进瓦斯综合治理、遏制煤矿重特大事故工作措施。与会人员前往梓木戛煤矿井下事故现场接受警示教育，并集中观看了事故警示片。</span></p><p class=\"ql-align-center\"><span class=\"ql-size-large\"><img src=\"http://dingyue.nosdn.127.net/MEttqI9=C2SGSFGT2H2VSQcLHVVxpysXitLrTkwgTU37s1535267395670compressflag.jpg\" alt=\"贵州煤矿爆炸致13死7伤 应急部召开警示教育会\">会议现场 贵州卫视截图</span></p><p class=\"ql-align-justify\"><span class=\"ql-size-large\">	会议指出，造成13人死亡、7人受伤的梓木戛煤矿“8·6”重大煤与瓦斯突出事故是今年全国第一起煤矿重大事故，事故损失惨重、教训深刻、影响恶劣。事故调查组初步查明，事故矿井违法违规问题严重，企业主体责任不落实、安全投入严重不足、法治意识不强、现场管理不严格、技术管理不到位，中介机构弄虚作假、不规范开展中介服务工作，同时，也暴露出了地方党委和政府安全发展理念不牢，安全监管监察工作失之于软、失之于宽的问题。贵州省已经成立“8·6”事故调查组，对事故原因展开深入细致调查，最终将向社会公布事故调查报告。</span></p><p class=\"ql-align-justify\"><span class=\"ql-size-large\">	会议强调，有关地方党委和政府，各级煤矿安全监管监察部门和各煤矿企业，要深刻汲取事故教训，正视问题、研究对策，坚持问题导向，强化红线意识，切实处理好安全与发展、安全与生产、安全与效益、安全与生存的关系。</span></p><p class=\"ql-align-justify\"><span class=\"ql-size-large\">	会议要求，要做好新形势下煤矿瓦斯防治工作。要从责任、技术、投入、管理、培训五个方面精准施策、综合治理，强化瓦斯“零超限”目标管理；要着力推进地方党委政府领导责任、监管监察部门监管责任和企业主体责任落实，树牢安全发展理念；要着力推进瓦斯治理技术创新、投入保障、科学管理和培训教育，强化源头治理，由人防为主向人防技防物防综合治理转变，有效防范和坚决遏制煤矿重特大事故。</span></p><p class=\"ql-align-justify\"><span class=\"ql-size-large\">	国家煤矿安全监察局、贵州省人民政府有关负责同志出席会议并讲话。</span></p><p class=\"ql-align-justify\"><span class=\"ql-size-large\">	</span><a href=\"https://news.163.com/\" target=\"_blank\" style=\"color: rgb(15, 107, 153);\" class=\"ql-size-large\"><img src=\"http://static.ws.126.net/cnews/css13/img/end_news.png\" alt=\"杨艺\" height=\"12\" width=\"13\"></a><span class=\"ql-size-large\">&nbsp;本文来源：中华人民共和国应急管理部</span></p><p class=\"ql-align-justify\"><span class=\"ql-size-large\">责任编辑：杨艺_NBJ10647</span></p><p><span class=\"ql-size-large\"><span class=\"ql-cursor\">﻿</span></span></p>', '2018-08-26   16:56:01', '贵州煤矿爆炸', b'1');
INSERT INTO `news_info` VALUES (22, '阿富汗4名高官辞职仅1人获准 总统:另外3人好好干', '海外网(北京)', '<p class=\"ql-align-justify\">	（原标题：阿富汗4高官辞职仅1人获准 阿总统:另外3人好好干）</p><p class=\"ql-align-justify\">	海外网8月26日电 当地时间25日，共有4名阿富汗安全高官向总统加尼提出辞职，加尼拒绝了其中3名阿富汗高官的辞呈，并要求他们继续工作，仅批准了阿富汗国家安全顾问哈尼夫·阿特马(Hanif Atmar)的辞呈。据称，被视为“亲俄派”的阿特马在辞呈中表示与“政府的领导者具有严重的政见分歧”。一名官员表示，阿特马可能会在明年参加总统选举，成为现任总统加尼的竞争对手。</p><p class=\"ql-align-center\"><img src=\"http://cms-bucket.nosdn.127.net/catchpic/9/91/91c3fd42b0d2c355e23d8b868afe11de.jpg?imageView&amp;thumbnail=550x0\" alt=\"阿富汗4名高官辞职仅1人获准 总统:另外3人好好干\">国防部长巴哈拉米、内政部长巴马克和国家安全局局长斯坦内克扎伊资料图（图片来源：视觉中国）</p><p class=\"ql-align-justify\">	就在阿特马辞职后不久，有报告暗示总统加尼已经要求国防部长、内政部长与安全局局长一同辞职。国防部长巴哈拉米（Tariq Shah Bahrami）、内政部长巴马克（Wais Ahmad Barmak）和国家安全局局长斯坦内克扎伊(Masoom Stanekzai)三人提出辞职，却被总统拒绝，并要求他们继续工作。总统加尼还对这三位高级安全官员做出必要指示，以改善阿富汗国内的安全局势问题。</p><p class=\"ql-align-center\"><img src=\"http://cms-bucket.nosdn.127.net/catchpic/e/e0/e04947e96dc3246eccae2d3fb237a1d0.jpg?imageView&amp;thumbnail=550x0\" alt=\"阿富汗4名高官辞职仅1人获准 总统:另外3人好好干\">国家安全顾问哈尼夫·阿特马曾代表阿富汗接受俄方赠送的一万把自动步枪。（资料图来源：视觉中国）</p><p class=\"ql-align-justify\">	据报道，阿富汗国家安全顾问哈尼夫·阿特马(Hanif Atmar)于当地时间周六晚间宣布辞职，总统加尼批准了他的辞职。路透社援引一名官员的话称，现年49岁的阿特马可能会在明年参加总统选举，成为现任总统加尼的竞争对手。</p><p class=\"ql-align-justify\">	总统发言人虽未公开阿特马的辞职理由，但据路透社获得的阿特马的辞呈副本显示，阿特马称他与“政府的领导者具有严重的政见分歧”。据悉，阿特马在上世纪80年代后期开始担任由苏联支持的阿富汗政府的安全官员，至今他仍被视为与俄方关系密切。</p><p class=\"ql-align-justify\">	总统发言人称，加尼已于25日任命35岁的阿富汗驻美国大使穆伊（Hamdullah Mohib）取代阿特马，成为新一任阿富汗国家安全顾问。</p><p class=\"ql-align-center\">	</p><p class=\"ql-align-justify\">	阿富汗黎明电视台（tolo news）此前报道称，阿富汗总统加尼曾于25日要求阿富汗安全内阁下台，其中包括此次辞职的4人。消息人士透露，包括本周早些时候总统府遭塔利班火箭弹袭击在内的一些事件，使得国防军和安全部队伤亡人数越来越多，这构成了加尼对安全内阁疏于防范、组织不力的不满，是加尼要求安全内阁成员辞职的原因。</p><p class=\"ql-align-justify\">	据早先报道，俄罗斯外交部21日邀请包括阿富汗、美国、巴基斯坦等12个国家出席9月初在莫斯科举行的“阿富汗国际大会”，塔利班同样在受邀之列，会谈主要讨论阿富汗国内的停火前景。21日，美国表示拒绝出席大会。22日，阿富汗外交部一名官员表示，阿富汗政府将不会参加“阿富汗国际大会”。在路透社看来，如果阿政府最终拒绝参会，则此次大会效果成疑。</p><p class=\"ql-align-justify\">	<a href=\"https://news.163.com/\" target=\"_blank\" style=\"color: rgb(15, 107, 153);\"><img src=\"http://static.ws.126.net/cnews/css13/img/end_news.png\" alt=\"杨艺\" height=\"12\" width=\"13\"></a>&nbsp;本文来源：海外网</p><p class=\"ql-align-justify\">责任编辑：杨艺_NBJ10647</p><p><br></p>', '2018-08-26   16:56:43', NULL, b'1');
INSERT INTO `news_info` VALUES (23, '媒体:整改成表面文章 滴滴顺风车岂能下线了之', '长安观察', '<p class=\"ql-align-justify\">	（原标题：安全整改竟成表面文章！滴滴顺风车屡发命案岂能“下线”了之）</p><p class=\"ql-align-justify\">	短短3月，继“5·6”郑州空姐遇害之后，滴滴顺风车再出安全事故——</p><p class=\"ql-align-justify\">	8月24日，浙江温州一名20岁女孩赵某上了一辆滴滴顺风车后失联。25日，遗体被寻获，被抓获的犯罪嫌疑人钟某，交代了对赵某实施强奸，并将其杀害的犯罪事实。</p><p class=\"ql-align-center\"><img src=\"http://cms-bucket.nosdn.127.net/catchpic/7/73/737b454f0192615347245b25ba27578f.jpg?imageView&amp;thumbnail=550x0\" alt=\" ▲家属在网上发布的寻人启事\">▲家属在网上发布的寻人启事</p><p class=\"ql-align-justify\">	生命的消逝让人扼腕，前后两次事故，拥有太多的相似，受害者都处于如花的年纪，同样是搭上顺风车后被害；然而稍一细察，又有许多的不一样。它们让这次悲剧的发生显得不那么“必然”，也更让人感到愤怒。</p><p class=\"ql-align-justify\">	其一，滴滴正处于整改期。在郑州空姐事故之后，滴滴表示已推出多项安全措施，包括上线新版紧急求助功能、上线人车不符评价机制、顺风车提供“护航模式”（乘客开启该模式后可自动分享轨迹给紧急联系人，平台实时关注行程轨迹并在异常时介入）等。</p><p class=\"ql-align-justify\">	其二，滴滴确认，涉事司机在案发前一天，曾因对另一名乘客图谋不轨，被投诉。但截至案发，既没有相关反馈和处理结果，被投诉司机也在正常接单。</p><p class=\"ql-align-justify\">	其三，被害女孩于14时15分向朋友发出“救命、抢救”的信息，随后失联。朋友于15时42分开始，共计7次致电滴滴平台客服，但收到的回复都非常格式化、机械化。在未满1小时之前，回复为“一线客服没有权限”“请您耐心等待”；1小时之后，回复变成“加急，标红”“继续等待”。直至当晚20点后，滴滴才表示已将司机信息告诉警方。</p><p class=\"ql-align-center\"><img src=\"http://cms-bucket.nosdn.127.net/catchpic/b/b7/b76f89d821eb259463df88c6a9c6ef1c.jpg?imageView&amp;thumbnail=550x0\" alt=\" ▲赵姑娘发给朋友的微信，图自钱江晚报\">▲赵姑娘发给朋友的微信，图自钱江晚报</p><p class=\"ql-align-justify\">	其四，在16时22分，警方接到报案后，两度向滴滴索要嫌疑人信息未果，直到第三次提供警官证后才获得相关信息，共耗时92分钟。</p><p class=\"ql-align-justify\">	上述四点“不一样”，包括滴滴的整改、司机的被投诉、女孩的求救与警方的介入，似乎每一项都对应着一线生机。如果滴滴的整改是到位的、如果被投诉的司机被禁止接单、如果滴滴在第一时间开启其所谓“护航模式”，将行程轨迹提供给朋友以及警方，这次悲剧是否就可免于发生？或者，至少不要这么沉重？</p><p class=\"ql-align-justify\">	然而，世间没有如果，时间不可能重来。从滴滴的反应之中，不难发现，其所谓整改，仍然相当表面。应急机制基本没有，乘客投诉基本无用，生命的求救之路频频被阻。唯一变化的，可能是道歉的速度越来越快，却还是不忘为自己开脱——由于每天需要接受大量查询车主和乘客的电话，因此客服无法在短时间内甄别，希望大众谅解。会有大量的人无聊到在不必要的时候查询车主电话打发时间么？如此既无诚意，又无实际行动支撑的道歉，恐怕难获谅解。</p><p class=\"ql-align-center\"><img src=\"http://cms-bucket.nosdn.127.net/catchpic/3/38/38f8bfb50244dcc27d45c236b9b50022.jpg?imageView&amp;thumbnail=550x0\" alt=\"媒体:整改成表面文章 滴滴顺风车岂能下线了之\"></p><p class=\"ql-align-justify\">	我们常以“血的教训”，来形容教训之严重，来表达痛定思痛的决心。因为人世间最宝贵的，莫过于生命。可是在滴滴身上，“血的教训”似乎没有真正成为教训。据不完全统计，过去四年里，媒体公开报道及有关部门如法院处理过的滴滴司机性侵、性骚扰事件，至少有50起。平均下来，几乎每个月都有。频率不可谓不高，但滴滴的行为呢？</p><p class=\"ql-align-justify\">	平台责任，在今天的语境下，已经成为社会共识。滴滴做的是出行生意，理应对平台的接单司机负有审核监管之责，理应对旅程中的乘客负有安全守护之责。尤其是在安全已成其明显短板、广受诟病的情况之下。讽刺的是，在安全防线构筑上的缓慢低效，与滴滴扩张的超高速度形成鲜明对比。如果一次次血的教训，都不能激活滴滴的责任心、促其认真整改，那还有什么可以？</p><p class=\"ql-align-center\"><img src=\"http://cms-bucket.nosdn.127.net/catchpic/2/2c/2c4362d01d6d46524b41bbf97248e207.jpg?imageView&amp;thumbnail=550x0\" alt=\"媒体:整改成表面文章 滴滴顺风车岂能下线了之\"></p><p class=\"ql-align-center\">	</p><p class=\"ql-align-justify\">	浮于表面的整改与道歉，不能支撑起乘客的安全感。如果鲜血不能让滴滴疼痛，就必须寻找其他让其有痛感的方式。此次事件发生之后，8月25日下午，浙江省道路运输管理局紧急约谈滴滴平台浙江区负责人，鉴于滴滴平台顺风车业务存在重大安全隐患，要求滴滴平台立即整改，整改期间暂停其在浙江区域的顺风车业务。相较于边运营边整改的“带病上岗”，不整改完成不许上线，明显会更加有利于“身体康复”。这样的第一步值得点赞，如此及时又鲜明有力的举措，不妨更多些，不妨持久些。</p><p class=\"ql-align-justify\">	目前，滴滴表示从27日零时起，在全国范围内下线顺风车业务。而在滴滴尚未完成整改之前，在滴滴真正安全之前，每一位乘客都可以，也应该用脚投票。也许，这样的力道，才可能让滴滴感到疼痛，真正意识到攻克安全短板，对于每一位乘客、对于全社会，尤其是对于它自己的重要性与迫切性。</p><p class=\"ql-align-justify\">	<a href=\"https://news.163.com/\" target=\"_blank\" style=\"color: rgb(15, 107, 153);\"><img src=\"http://static.ws.126.net/cnews/css13/img/end_news.png\" alt=\"杨强\" height=\"12\" width=\"13\"></a>&nbsp;本文来源：长安观察</p><p class=\"ql-align-justify\">责任编辑：杨强_NN6027</p><p><br></p>', '2018-08-26   16:58:46', NULL, b'1');
INSERT INTO `news_info` VALUES (24, '黑龙江公职人员潜逃24年落网:下过矿井 捡过废品', '观察者网', '<p class=\"ql-align-justify\">	（原标题：黑龙江大兴安岭地区追回一潜逃多年国家公职人员——他“隐形”24载终落网）</p><p class=\"ql-align-justify\">	夏日清晨，在上海市某小区广场上，一名五十多岁的男子正在闲逛。忽然听到有人喊“秦兴运”，他下意识地答了声。看见来人出示的逮捕证，他立刻明白了一切，感叹道：“都这么多年了，还是逃不掉啊……”</p><p class=\"ql-align-justify\">	这是黑龙江省大兴安岭地区新林区纪委监委会同相关部门，将潜逃24年的贪污犯罪嫌疑人秦兴运抓获归案时的情景。</p><p class=\"ql-align-justify\">	1989年至1992年间，新林区塔尔根镇（场）劳资股原工资员秦兴运利用制作、发放该镇（场）离退休职工工资的职务便利，用假名、重名和死亡职工名字虚报职工工资，套取公款18.91万元占为己有，案发后外逃。1994年3月，新林区检察院以涉嫌贪污罪对秦兴运立案侦查，并进行通缉。</p><p class=\"ql-align-justify\">	秦兴运潜逃后，相关单位一直没有停止追逃工作。新林区监委组建成立后，秦兴运涉嫌贪污一案由区检察院移交区监委。由于案发年代久远、时间跨度长、收集固定证据难、无法确定嫌疑人行踪等原因，此案的调查一度困难重重。</p><p class=\"ql-align-justify\">	“监察体制改革为追逃追赃工作注入了新动能，对于外逃的党员干部和公职人员，一个都不能放过。”大兴安岭地区纪委监委相关负责人说。大兴安岭地区纪委监委对追逃工作全程指挥、重点督办，新林区纪委监委扛起案件主办责任，多次召开案情分析会，研判对策，制定追逃方案，一场千里寻踪行动随即展开……</p><p class=\"ql-align-justify\">	一方面，办案人员根据已经掌握的信息，分赴各地全面摸排、筛查线索，锁定秦兴运的活动范围。“得知秦兴运曾经在江浙一带出现后，我们奔赴南京、无锡、镇江等地走访调查，一连十多天，马不停蹄，多方查找线索……”负责此案外调工作的区监委委员林春玲说。</p><p class=\"ql-align-justify\">	另一方面，办案人员不远千里赶到上海市嘉定区，到秦兴运亲属家中沟通，劝亲属做其工作，敦促其迷途知返、投案自首，争取从宽处理。通过政策感召，其家属的态度逐渐转变，从开始的“不知情”，到慢慢同意帮助工作人员做秦兴运的劝返工作。</p><p class=\"ql-align-justify\">	在追逃工作中，办案人员用“秦兴运”的身份信息进行排查，始终一无所获。面对秦兴运这个行踪不明、消失了24年的“隐形人”，办案人员就像在大海里捞针。随着调查的不断深入，办案人员得到秦兴运购买假身份证“漂白”身份的消息。根据他的新身份信息，调查人员迅速锁定了他的活动范围，并会同相关部门将其成功抓获。</p><p class=\"ql-align-justify\">	“我的真实姓名叫秦兴运，为隐藏真实身份、躲避追逃，找人花钱办了个假身份证，然后就一直叫‘杨涛’这个名字了。”在审讯中，秦兴运交待。</p><p class=\"ql-align-justify\">	“这些年，我到过福建晋江、甘肃天水、陕西洛河、山西大同、河南郑州等很多地方，每天东躲西藏，过着暗无天日的生活，每日活在惶恐不安中，每次听到警笛声都会吓出一身冷汗……”</p><p class=\"ql-align-center\">	</p><p class=\"ql-align-justify\">	“为了生存，我在屠宰场、菜市场、饭店打过工，在煤矿下过井，也捡过废品……”谈起外逃经历，秦兴运声泪俱下地说。</p><p class=\"ql-align-justify\">	为收集固定证据，办案人员到区档案局、区人社局、塔尔根镇（场）查找、调取二十多年前的原始工资表，逐页逐项查看，逐人核对，仅用一周时间就取得了该案的重要书证。随后，办案人员又远赴广西北海、辽宁海城等地，对该案当年的重要证人进行取证，形成相互印证、完整稳定的证据链。</p><p class=\"ql-align-justify\">	“不管腐败分子跑到哪里，跑多少年，我们都要一追到底，将其绳之以法。”新林区委、区纪委监委主要负责人说。目前此案已正式移送检察机关依法审查、提起公诉。</p><p class=\"ql-align-justify\">	<a href=\"https://news.163.com/\" target=\"_blank\" style=\"color: rgb(15, 107, 153);\"><img src=\"http://static.ws.126.net/cnews/css13/img/end_news.png\" alt=\"苏泓珵\" height=\"12\" width=\"13\"></a>&nbsp;本文来源：中国纪检监察报</p><p class=\"ql-align-justify\">责任编辑：苏泓珵_NBJ9980</p><p><br></p>', '2018-08-26   16:59:21', NULL, b'1');
INSERT INTO `news_info` VALUES (25, '美移民律师协会将发起游说 反对移民局变执法机构', '金牌舆情官', '<p class=\"ql-align-justify\"><span class=\"ql-size-large\">	中国侨网8月24日电 据美国《世界日报》报道，</span><a href=\"http://edu.163.com/special/ymmeiguo/\" target=\"_blank\" style=\"color: rgb(15, 107, 153);\" class=\"ql-size-large\">美国移民</a><span class=\"ql-size-large\">律师协会(AILA)8月初发布声明，痛批联邦政府扩大联邦公民及移民服务局(USCIS)裁量权，企图将移民局从服务机构转变为执法机构。该组织日前表示，发动各州成员发起游说运动，面见当地国会议员，要求国会废除移民局近期颁布的政策备忘录。</span></p><p class=\"ql-align-justify\"><span class=\"ql-size-large\">	美国移民局7月发布一项政策备忘录，加强移民官的自由量裁权；从9月11日起收到的申请，如果没有提交全部证明文件或所提供材料不合要求，可以直接拒绝，不必先寄发补件(RFE)或否决意向(NOID)通知。</span></p><p class=\"ql-align-justify\"><span class=\"ql-size-large\">	此外，移民局7月也发布新准则，更新核发I-862出庭通知(Notice to Appear，NTA)的政策，扩大可发出NTA的案件类别，包括有诈欺和刑事活动证据，或当事人申请移民福利被拒，并非法留在美国；同时，司法部下属的移民审查执行办公室(EOIR)今年3月还公布了新的移民案件审理配额，使审查压力增大。</span></p><p class=\"ql-align-justify\"><span class=\"ql-size-large\">	美国移民律师协会声明表示，联邦政府扩大移民局自由裁量权的政策备忘录，以及扩大可发出NTA的案件类别的政策，与国会2002年通过的国土安全法案(Homeland Security Act)精神背道而驰。</span></p><p class=\"ql-align-justify\"><span class=\"ql-size-large\">	声明指出，根据国土安全法案，移民局是保障移民权益以及移民仲裁的机构，而非像移民及海关执法局(ICE)和联邦海关与边境保护局(CBP)一样的执法机构。这些政策的改变，正在将移民局从服务机构转变为执法机构。</span></p><p class=\"ql-align-center\"><span class=\"ql-size-large\">	</span></p><p class=\"ql-align-justify\"><span class=\"ql-size-large\">	此外，该声明表示，移民审查执行办公室新的案件审理配额，让移民法庭法官的审理重量不重质，为了保证每个案件都通过正当法律程序(Due Process)并且保证公平，移民法庭应该摆脱移民执法机关影响，保证司法独立。</span></p><p class=\"ql-align-justify\"><span class=\"ql-size-large\">	对此，美国移民律师协会21日发布公告，表示该组织发起运动，由在美国各州的成员游说当地国会议员，要求要求国会立法撤销此前移民局出台的政策备忘录，保持国会当初赋予它们的服务职能，而非转变为执法部门。</span></p><p class=\"ql-align-justify\"><span class=\"ql-size-large\">	此外，美国移民律师协会还将游说国会议员进行立法，以将移民法庭系统从司法部独立出来，同时停止移民审查执行办公室的案件审理配额。</span></p><p class=\"ql-align-justify\"><span class=\"ql-size-large\">	</span><a href=\"http://edu.163.com/\" target=\"_blank\" style=\"color: rgb(15, 107, 153);\" class=\"ql-size-large\"><img src=\"http://img1.cache.netease.com/cnews/css13/img/end_edu.png\" alt=\"马青松\" height=\"12\" width=\"13\"></a><span class=\"ql-size-large\">&nbsp;本文来源：中国侨网</span></p><p class=\"ql-align-justify\"><span class=\"ql-size-large\">责任编辑：马青松_NBJS6921</span></p><p><br></p>', '2018-08-26   17:00:09', '美移民律师协会', b'0');
INSERT INTO `news_info` VALUES (26, '西藏阿里军分区在海拔4300米地域展开岗位大练兵', ' 中国新闻网(北京)', '<p class=\"ql-align-justify\">	（原标题：西藏阿里军分区在海拔4300米地域展开岗位大练兵）</p><p class=\"ql-align-center\"><img src=\"http://crawl.nosdn.127.net/00a6b9dac047e7e280d58183e9565a0d.jpg\" alt=\"西藏阿里军分区在海拔4300米地域展开岗位大练兵\"></p><p class=\"ql-align-justify\">		8月23日，西藏阿里军分区岗位练兵比武竞赛开幕式。刘晓东 摄</p><p class=\"ql-align-justify\">		中新网拉萨8月26日电 (贡桑拉姆 刘晓东)8月25日，记者从西藏阿里军分区获悉，该军分区于8月23日至25日在海拔4300多米的阿里高原举行2018年度岗位练兵比武竞赛，阿里军分区236名边防官兵，围绕轻武器实弹射击、参谋业务、战伤自救互救等7个专业20项竞赛内容展开激烈角逐。</p><p class=\"ql-align-center\"><img src=\"http://crawl.nosdn.127.net/e129eb2f300efa57206757fcc41bbd59.jpg\" alt=\"8月23日，西藏阿里军分区岗位练兵比武竞赛开幕式上各单位进行挑应战。 刘晓东 摄\"></p><p class=\"ql-align-justify\">	8月23日，西藏阿里军分区岗位练兵比武竞赛开幕式上各单位进行挑应战。刘晓东 摄</p><p class=\"ql-align-center\"><img src=\"http://crawl.nosdn.127.net/e1b528e356a05816b21f3a296c30b77e.jpg\" alt=\"8月23日，参赛队员在岗位练兵比武竞赛中进行手枪精度射击。 刘晓东 摄\"></p><p class=\"ql-align-justify\">	8月23日，参赛队员在岗位练兵比武竞赛中进行手枪精度射击。刘晓东 摄</p><p class=\"ql-align-justify\">	西藏阿里军分区作训科科长高宗理介绍，举办此次岗位练兵比武竞赛，旨在检验分区部队的军事训练成果，选拔训练方面的尖优人才，为下一步开展实战化军事训练奠定良好基础。</p><p class=\"ql-align-center\"><img src=\"http://crawl.nosdn.127.net/955daa7fdc86bbc617ec8d83c49f39ea.jpg\" alt=\"8月23日，参赛队员在岗位练兵比武竞赛中进行轻机枪精度射击。 刘晓东 摄\"></p><p class=\"ql-align-justify\">	8月23日，参赛队员在岗位练兵比武竞赛中进行轻机枪精度射击。刘晓东 摄</p><p class=\"ql-align-center\"><img src=\"http://crawl.nosdn.127.net/cd98e42907b3468ee45c4465247584ec.jpg\" alt=\"8月23日，参赛队员在岗位练兵比武竞赛中进行KU卫星便携站操作使用。 刘晓东 摄\"></p><p class=\"ql-align-justify\">	8月23日，参赛队员在岗位练兵比武竞赛中进行KU卫星便携站操作使用。刘晓东 摄</p><p class=\"ql-align-justify\">	据介绍，此次竞赛在军事体育、通信专业、战场自救互救等课目中，官兵们以最短的时间、最高的标准，完成所参加的竞赛项目。此外，参谋业务比拼成为本年度“大练兵”的焦点，基层干部、机关参谋、干事、助理员同台竞技，考验参赛官兵的综合能力。</p><p class=\"ql-align-center\"><img src=\"http://crawl.nosdn.127.net/dff68b033489e2c646e4ed0f6d49718e.jpg\" alt=\"8月23日，参赛队员在岗位练兵比武竞赛中进行无千斤顶拆装保养轮胎。 刘晓东 摄\"></p><p class=\"ql-align-justify\">	8月23日，参赛队员在岗位练兵比武竞赛中进行无千斤顶拆装保养轮胎。刘晓东 摄</p><p class=\"ql-align-center\"><img src=\"http://crawl.nosdn.127.net/6c8d1bbc624053c9a40be9d4f2dea2db.jpg\" alt=\"8月23日，岗位练兵比武竞赛中，裁判员正在对参赛队员无千斤顶拆装保养轮胎完成情况进行检查。 刘晓东 摄\"></p><p class=\"ql-align-justify\">	8月23日，岗位练兵比武竞赛中，裁判员正在对参赛队员无千斤顶拆装保养轮胎完成情况进行检查。刘晓东 摄</p><p class=\"ql-align-justify\">	据悉，今年年初以来，西藏阿里军分区通过月月考、层层比、全员学理论，练技能、强业务，涌现出一批训练尖子、技术能手、边防通。而本年度岗位练兵比武竞赛，检验部队普训普考的成效。(完)</p><p class=\"ql-align-center\"><img src=\"http://crawl.nosdn.127.net/9ce853c5f6a6eef7500ca8dbea13c35d.jpg\" alt=\"8月24日，参赛队员在岗位练兵比武竞赛中进行作战计算课目比赛。 刘晓东 摄\"></p><p class=\"ql-align-justify\">	8月24日，参赛队员在岗位练兵比武竞赛中进行作战计算课目比赛。刘晓东 摄</p><p class=\"ql-align-center\"><img src=\"http://crawl.nosdn.127.net/168bf72748a72201ec1977ac45242254.jpg\" alt=\"8月24日，参赛队员在岗位练兵比武竞赛中进行识图用图课目比赛。 刘晓东 摄\"></p><p class=\"ql-align-justify\">	8月24日，参赛队员在岗位练兵比武竞赛中进行识图用图课目比赛。刘晓东 摄</p><p class=\"ql-align-center\"><img src=\"http://crawl.nosdn.127.net/aefd1f29ebca9addf12913a9f3177b84.jpg\" alt=\"8月25日，参赛队员在岗位练兵比武竞赛中进行战伤自救互救课目比赛。 刘晓东 摄\"></p><p class=\"ql-align-justify\">	8月25日，参赛队员在岗位练兵比武竞赛中进行战伤自救互救课目比赛。刘晓东 摄</p><p class=\"ql-align-center\">			</p><p class=\"ql-align-justify\">	<a href=\"https://news.163.com/\" target=\"_blank\" style=\"color: rgb(15, 107, 153);\"><img src=\"http://static.ws.126.net/cnews/css13/img/end_news.png\" alt=\"杨强\" height=\"12\" width=\"13\"></a>&nbsp;本文来源：中国新闻网</p><p class=\"ql-align-justify\">责任编辑：杨强_NN6027</p><p><br></p>', '2018-08-26   17:01:03', '西藏 军区', b'1');
INSERT INTO `news_info` VALUES (27, '保加利亚一巴士暴雨中翻车 致16人死亡26人受伤', ' 海外网(北京)', '<p class=\"ql-align-justify\">	（原标题：保加利亚一巴士暴雨中翻车 致16人死亡26人受伤）</p><p class=\"ql-align-justify\">	<strong><img src=\"http://cms-bucket.nosdn.127.net/catchpic/0/04/049cccfbd4ee538b6207f25cca36feea.jpg?imageView&amp;thumbnail=550x0\" alt=\"1535251286826553.jpg\" height=\"Infinity\" width=\"600\"></strong></p><p class=\"ql-align-justify\">	事发现场图片（图片来源：法新社）</p><p class=\"ql-align-justify\">	<strong>海外网8月26日电&nbsp;</strong>保加利亚一辆载有观光客的巴士冲出路面翻落峡谷，造成16人死亡，26人受伤。据了解，事发当时有暴雨，且事故车8月初未经过应有的技术测试。</p><p class=\"ql-align-justify\">	综合法新社与美联社报道，当地时间25日下午，在保加利亚北部一条蜿蜒道路上，一辆观光巴士冲出公路路面，翻落路旁20米深的峡谷，坠落于伊斯克尔河（Iskar）的河床上。</p><p class=\"ql-align-center\">	</p><p class=\"ql-align-justify\">	保加利亚内政部长拉德夫（Valentin Radev）说，“有13人当场死亡，另有3人因伤势过重丧生，此外还有26人受伤，其中3人伤势严重”。</p><p class=\"ql-align-justify\">	据了解，事发地位于保加利亚首都索菲亚北部57公里。这辆巴士在暴雨中载着一群刚刚参观完当地修道院的保加利亚游客冲出路面，发生坠落事故。</p><p class=\"ql-align-justify\">	保加利亚交通运输部副部长波波夫（Anguel Popov）表示，这辆2001年生产的汽车并没有在今年8月初进行应有的技术测试。</p><p class=\"ql-align-justify\">	警方表示，还有4辆汽车也卷入了这起车祸。但那些车上的乘客并未受伤。</p><p class=\"ql-align-justify\">	法国《自由报》指出，保加利亚是欧盟最贫穷的国家，由于公路网络维护不善以及车辆破旧失修，保加利亚每年有上千人死于道路交通事故。</p><p class=\"ql-align-justify\">	<a href=\"https://news.163.com/\" target=\"_blank\" style=\"color: rgb(15, 107, 153);\"><img src=\"http://static.ws.126.net/cnews/css13/img/end_news.png\" alt=\"杨强\" height=\"12\" width=\"13\"></a>&nbsp;本文来源：海外网</p><p class=\"ql-align-justify\">责任编辑：苏泓珵_NBJ9980</p><p><br></p>', '2018-08-26   17:01:50', '保加利亚', b'1');
INSERT INTO `news_info` VALUES (28, '意大利埃特纳火山爆发喷出火焰熔岩 灰飞几百米', '杨之', '<p class=\"ql-align-justify\">	（原标题：意大利埃特纳火山爆发喷出火焰熔岩 灰飞几百米）</p><p class=\"ql-align-center\"><img src=\"http://cms-bucket.nosdn.127.net/catchpic/9/93/9378394e2726f6cb397a02a33e0b0d28.jpg?imageView&amp;thumbnail=550x0\" alt=\"意大利埃特纳火山爆发喷出火焰熔岩 灰飞几百米\" height=\"366\" width=\"550\"></p><p class=\"ql-align-justify\">	当地时间8月23日，意大利卡塔尼亚，埃特纳火山发生新的喷发。图片来源：视觉中国</p><p class=\"ql-align-justify\">	中新网8月26日电 据外媒报道，意大利西西里岛上的著名活火山“埃特纳”(Mount Etna)当地时间25日开始爆发，喷发出大量火焰和熔岩，但当局目前还没发出要附近城镇居民撤离的指示。</p><p class=\"ql-align-center\"><img src=\"http://crawl.nosdn.127.net/b6f19fa80587d9783923c7a28d626dc2.jpg\" alt=\"当地时间8月23日，意大利卡塔尼亚，埃特纳火山发生新的喷发。图片来源：视觉中国\" height=\"366\" width=\"550\"></p><p class=\"ql-align-justify\">	当地时间8月23日，意大利卡塔尼亚，埃特纳火山发生新的喷发。图片来源：视觉中国</p><p class=\"ql-align-justify\">	意大利国家地理和火山研究所透露，埃特纳火山的活跃度在7月间达到高峰，并于周四开始不断喷发熔岩，高度达150米。</p><p class=\"ql-align-justify\">	火山灰也覆盖火山口上空几百米的高度。</p><p class=\"ql-align-center\"><img src=\"http://crawl.nosdn.127.net/4009c6c82b11b9d3c408dc7985f30b39.jpg\" alt=\"当地时间8月23日，意大利卡塔尼亚，埃特纳火山发生新的喷发。图片来源：视觉中国\" height=\"366\" width=\"550\"></p><p class=\"ql-align-justify\">	当地时间8月23日，意大利卡塔尼亚，埃特纳火山发生新的喷发。图片来源：视觉中国</p><p class=\"ql-align-justify\">	不过，当局目前仍未发出山脚附近城镇居民必须撤离的指示，附近机场的航班也暂不受影响。</p><p class=\"ql-align-center\">			</p><p class=\"ql-align-justify\">	<a href=\"https://news.163.com/\" target=\"_blank\" style=\"color: rgb(15, 107, 153);\"><img src=\"http://static.ws.126.net/cnews/css13/img/end_news.png\" alt=\"杨强\" height=\"12\" width=\"13\"></a>&nbsp;本文来源：中国新闻网</p><p class=\"ql-align-justify\">责任编辑：杨强_NN6027</p><p><br></p>', '2018-08-26   17:02:49', '意大利 火山', b'1');
INSERT INTO `news_info` VALUES (29, '跻身公安部高层的他 曾参与指挥十九大安保', '杨之', '<p><span class=\"ql-size-large\">原标题：中央又一新组建机构亮相</span></p><p><span class=\"ql-size-large\">撰文&nbsp;| 周宇</span></p><p><span class=\"ql-size-large\">逢周五必有大事。</span></p><p><span class=\"ql-size-large\">新华社消息，8月24日，习近平以中央全面依法治国委员会主任身份，主持召开了中央全面依法治国委员会第一次会议并发表重要讲话。</span></p><p><span class=\"ql-size-large\">会议同时披露了三位副主任，均为中央政治局常委，分别为李克强、栗战书、王沪宁。</span></p><p><span class=\"ql-size-large\">中央全面依法治国委员会是今年3月公布的《深化党和国家机构改革方案》中新组建的，办公室设在司法部。</span></p><p><span class=\"ql-size-large\">同样新增的党的机构还有国家监察委和中央审计委员会。</span></p><p><span class=\"ql-size-large\">政知见（微信ID：bqzhengzhiju）注意到，至此，所有新增委员会领导班子成员全部披露。</span></p><p><span class=\"ql-size-large\">此外，本次机构改革中4个小组“升级”为委员会，中央全面深化改革领导小组、中央网络安全和信息化领导小组、中央财经领导小组、中央外事工作领导小组改为委员会。</span></p><p><span class=\"ql-size-large\">小组方面新组建了中央教育工作领导小组。其他党的机构改革多为重组和调整。</span></p><p><strong class=\"ql-size-large\"> 新机构干什么？</strong></p><p><span class=\"ql-size-large\">政知君帮您简单总结下：</span></p><p><span class=\"ql-size-large\">为什么成立：</span></p><p><span class=\"ql-size-large\">党中央决定成立中央全面依法治国委员会，是贯彻落实党的十九大精神、加强党对全面依法治国集中统一领导的需要，是研究解决依法治国重大事项重大问题、协调推进中国特色社会主义法治体系和社会主义法治国家建设的需要，是推动实现“两个一百年”奋斗目标、为中华民族伟大复兴中国梦提供法治保障的需要。要健全党领导全面依法治国的制度和工作机制，继续推进党的领导制度化、法治化，把党的领导贯彻到全面依法治国全过程和各方面，为全面建成小康社会、全面深化改革、全面从严治党提供长期稳定的法治保障。</span></p><p><span class=\"ql-size-large\">工作要点：</span></p><p><span class=\"ql-size-large\">要研究制定法治中国建设规划，统筹考虑我国经济社会发展状况、法治建设总体进程、人民群众需求变化等综合因素，使规划更科学、更符合实际。</span></p><p><span class=\"ql-size-large\">要全面贯彻实施宪法，在全社会深入开展尊崇宪法、学习宪法、遵守宪法、维护宪法、运用宪法宣传教育活动，弘扬宪法精神，加强宪法实施和监督。</span></p><p><span class=\"ql-size-large\">要推进科学立法工作，围绕党的十九大作出的重大战略部署以及深化党和国家机构改革涉及的立法问题，完善全国人大常委会和国务院的立法规划，加强重点领域立法。</span></p><p><span class=\"ql-size-large\">要加强法治政府建设，健全依法决策机制，深化行政执法体制改革，完善党政主要负责人履行推进法治建设第一责任人职责的约束机制。</span></p><p><span class=\"ql-size-large\">要深化司法体制改革，深入研究司法责任制综合配套改革方案，加快构建权责一致的司法权运行新机制。</span></p><p><span class=\"ql-size-large\">要推进法治社会建设，依法防范风险、化解矛盾、维护权益，加快形成共建共治共享的现代基层社会治理新格局，建设社会主义法治文化。</span></p><p><span class=\"ql-size-large\">要加强法治工作队伍建设和法治人才培养，更好发挥法学教育基础性、先导性作用，确保立法、执法、司法工作者信念过硬、政治过硬、责任过硬、能力过硬、作风过硬。</span></p><p><span class=\"ql-size-large\">工作方向：</span></p><ul><li><span class=\"ql-size-large\">要增强“四个意识”，坚定“四个自信”，主动谋划和确定中国特色社会主义法治体系建设的总体思路、重点任务，做好全面依法治国重大问题的运筹谋划、科学决策，实现集中领导、高效决策、统一部署，统筹整合各方面资源和力量推进全面依法治国。</span></li><li><span class=\"ql-size-large\">要推动把社会主义核心价值观贯穿立法、执法、司法、守法各环节，使社会主义法治成为良法善治。</span></li><li><span class=\"ql-size-large\">要支持人大、政府、政协、监察机关、审判机关、检察机关依法依章程履行职责，各有关部门要扎扎实实做好工作，形成工作合力。</span></li><li><span class=\"ql-size-large\">要压实地方落实全面依法治国的责任，确保党中央关于全面依法治国的决策部署落到实处。</span></li><li><span class=\"ql-size-large\">要加强对工作落实情况的指导督促、考核评价，及时了解进展、发现问题、提出建议。</span></li><li><span class=\"ql-size-large\">委员会各协调小组要在各自领域发挥作用，加强对相关领域法治工作的协调。</span></li></ul><p><strong class=\"ql-size-large\"> 习近平兼任多个委员会主任</strong></p><p><span class=\"ql-size-large\">在本次机构改革中新增的党的机构，还有国家监察委和中央审计委员会。</span></p><p><span class=\"ql-size-large\">国家监察委主任杨晓渡早在今年“两会”期间就已经当选。</span></p><p><span class=\"ql-size-large\">中央审计委员会第一次会议则开在今年5月下旬召开，委员会主任同样由习近平担任，副主任由李克强和赵乐际担任。</span></p><p><span class=\"ql-size-large\">此外，四个由“小组”而来的“委员会”陆续也已开始常态工作，特别是中央财经委员会已经开了两次会议。</span></p><p><span class=\"ql-size-large\">这四个小组变为委员会前，习近平就已经担任了三个小组的组长，由“组长”变成“主任”，算是继续之前的工作。</span></p><p><span class=\"ql-size-large\">而此前中央外事工作领导小组多披露的是办公室主任，由国务委员兼任。今年5月中旬召开的中央外事委员会第一次会议显示，习近平已担任外事委主任。这个变化说明了党中央对外事工作的重视程度。</span></p><p class=\"ql-align-center\"><span class=\"ql-size-large\"><img src=\"http://n.sinaimg.cn/news/transform/778/w550h228/20180825/VgAZ-hicsiaw7754933.png\"></span></p><p><span class=\"ql-size-large\">目前，只有中央网络安全和信息化委员会还没披露具体信息。</span></p><p><span class=\"ql-size-large\">中央财经委第一次会议在4月初，相对常规，会上重提了“三大攻坚战”。不足百天，第二次会议即召开。7月13日，习近平在中央财经委第二次会议上强调要提高关键核心技术创新能力。这与外部环境持续恶化不无关系。</span></p><p><span class=\"ql-size-large\">此外，机构改革还新组建了中央教育工作领导小组，目前还未披露领导班子和组织架构。</span></p><p><strong class=\"ql-size-large\"> 中央全面依法治国委员会成立之前</strong></p><p><span class=\"ql-size-large\">去年10月召开的十九大首次提出要成立“中央全面依法治国领导小组”。</span></p><p><span class=\"ql-size-large\">从过往的各个重要会议中政知见（微信ID：bqzhengzhiju）注意到，新委员会的成立有个过程。</span></p><p><span class=\"ql-size-large\">2013年1月，十八大后召开的第一次全国政法工作会上，习近平作出重要批示，首次提出建设“法治中国”的新要求。</span></p><p><span class=\"ql-size-large\">2014年10月，党的十八届四中全会提出，必须“全面推进依法治国”，同时指出，全面推进依法治国必须坚持五大基本原则：</span></p><ul><li><span class=\"ql-size-large\">坚持中国共产党的领导</span></li><li><span class=\"ql-size-large\">坚持人民主体地位</span></li><li><span class=\"ql-size-large\">坚持法律面前人人平等</span></li><li><span class=\"ql-size-large\">坚持依法治国和以德治国相结合</span></li><li><span class=\"ql-size-large\">坚持从中国实际出发</span></li></ul><p><span class=\"ql-size-large\">十九大期间，时任中国国务院法制办公室党组书记、副主任袁曙宏在新闻发布会上曾介绍成立中央全面依法治国领导小组的考虑。</span></p><p class=\"ql-align-center\"><span class=\"ql-size-large\"><img src=\"http://n.sinaimg.cn/news/crawl/82/w550h332/20180825/4iNT-hicsiaw7722688.jpg\"></span></p><ol><li><span class=\"ql-size-large\">中国共产党作为执政党，对全面依法治国至关重要。要把党的领导贯彻到全面依法治国的全过程和各方面，坚持党领导立法、保证执法、支持司法、带头守法。</span></li><li><span class=\"ql-size-large\">全面依法治国是一项涉及面十分广泛的系统工程，涉及到经济建设、政治建设、文化建设、社会建设、生态文明建设和国防军队建设、党的建设等各个领域，涉及到改革发展稳定、内政外交国防、治党治国治军等各个方面。</span></li><li><span class=\"ql-size-large\">全面依法治国是一项长期艰巨复杂的任务，它改变的是人们的观念、改变的是人们的行为。</span></li><li><span class=\"ql-size-large\">十九大报告在调研起草过程中，很多地方和部门都提出，建议中央成立全面依法治国领导小组，加强对全面依法治国的集中统一领导。</span></li></ol><p><span class=\"ql-size-large\">资料 | 新华社&nbsp;央视&nbsp;中新社&nbsp;人民网</span></p><p><span class=\"ql-size-large\">校对 | 李喆</span></p><p class=\"ql-align-right\"><span class=\"ql-size-large\">责任编辑：霍宇昂</span></p><p class=\"ql-align-justify\"><br></p><p class=\"ql-align-center\"><br></p>', '2018-08-26   17:03:31', '高官', b'0');
INSERT INTO `news_info` VALUES (30, '逢周五必有大事 中央又一新组建机构亮相', '杨之', '<p><span class=\"ql-size-large\">原标题：中央又一新组建机构亮相</span></p><p><span class=\"ql-size-large\">撰文&nbsp;| 周宇</span></p><p><span class=\"ql-size-large\">逢周五必有大事。</span></p><p><span class=\"ql-size-large\">新华社消息，8月24日，习近平以中央全面依法治国委员会主任身份，主持召开了中央全面依法治国委员会第一次会议并发表重要讲话。</span></p><p><span class=\"ql-size-large\">会议同时披露了三位副主任，均为中央政治局常委，分别为李克强、栗战书、王沪宁。</span></p><p><span class=\"ql-size-large\">中央全面依法治国委员会是今年3月公布的《深化党和国家机构改革方案》中新组建的，办公室设在司法部。</span></p><p><span class=\"ql-size-large\">同样新增的党的机构还有国家监察委和中央审计委员会。</span></p><p><span class=\"ql-size-large\">政知见（微信ID：bqzhengzhiju）注意到，至此，所有新增委员会领导班子成员全部披露。</span></p><p><span class=\"ql-size-large\">此外，本次机构改革中4个小组“升级”为委员会，中央全面深化改革领导小组、中央网络安全和信息化领导小组、中央财经领导小组、中央外事工作领导小组改为委员会。</span></p><p><span class=\"ql-size-large\">小组方面新组建了中央教育工作领导小组。其他党的机构改革多为重组和调整。</span></p><p><strong class=\"ql-size-large\"> 新机构干什么？</strong></p><p><span style=\"color: rgb(79, 79, 79);\" class=\"ql-size-large\">政知君帮您简单总结下：</span></p><p><span style=\"color: rgb(79, 79, 79);\" class=\"ql-size-large\">为什么成立：</span></p><p><span style=\"color: rgb(79, 79, 79);\" class=\"ql-size-large\">党中央决定成立中央全面依法治国委员会，是贯彻落实党的十九大精神、加强党对全面依法治国集中统一领导的需要，是研究解决依法治国重大事项重大问题、协调推进中国特色社会主义法治体系和社会主义法治国家建设的需要，是推动实现“两个一百年”奋斗目标、为中华民族伟大复兴中国梦提供法治保障的需要。要健全党领导全面依法治国的制度和工作机制，继续推进党的领导制度化、法治化，把党的领导贯彻到全面依法治国全过程和各方面，为全面建成小康社会、全面深化改革、全面从严治党提供长期稳定的法治保障。</span></p><p><span style=\"color: rgb(79, 79, 79);\" class=\"ql-size-large\">工作要点：</span></p><p><span style=\"color: rgb(79, 79, 79);\" class=\"ql-size-large\">要研究制定法治中国建设规划，统筹考虑我国经济社会发展状况、法治建设总体进程、人民群众需求变化等综合因素，使规划更科学、更符合实际。</span></p><p><span style=\"color: rgb(79, 79, 79);\" class=\"ql-size-large\">要全面贯彻实施宪法，在全社会深入开展尊崇宪法、学习宪法、遵守宪法、维护宪法、运用宪法宣传教育活动，弘扬宪法精神，加强宪法实施和监督。</span></p><p><span style=\"color: rgb(79, 79, 79);\" class=\"ql-size-large\">要推进科学立法工作，围绕党的十九大作出的重大战略部署以及深化党和国家机构改革涉及的立法问题，完善全国人大常委会和国务院的立法规划，加强重点领域立法。</span></p><p><span style=\"color: rgb(79, 79, 79);\" class=\"ql-size-large\">要加强法治政府建设，健全依法决策机制，深化行政执法体制改革，完善党政主要负责人履行推进法治建设第一责任人职责的约束机制。</span></p><p><span style=\"color: rgb(79, 79, 79);\" class=\"ql-size-large\">要深化司法体制改革，深入研究司法责任制综合配套改革方案，加快构建权责一致的司法权运行新机制。</span></p><p><span style=\"color: rgb(79, 79, 79);\" class=\"ql-size-large\">要推进法治社会建设，依法防范风险、化解矛盾、维护权益，加快形成共建共治共享的现代基层社会治理新格局，建设社会主义法治文化。</span></p><p><span style=\"color: rgb(79, 79, 79);\" class=\"ql-size-large\">要加强法治工作队伍建设和法治人才培养，更好发挥法学教育基础性、先导性作用，确保立法、执法、司法工作者信念过硬、政治过硬、责任过硬、能力过硬、作风过硬。</span></p><p><span style=\"color: rgb(79, 79, 79);\" class=\"ql-size-large\">工作方向：</span></p><ul><li><span class=\"ql-size-large\">要增强“四个意识”，坚定“四个自信”，主动谋划和确定中国特色社会主义法治体系建设的总体思路、重点任务，做好全面依法治国重大问题的运筹谋划、科学决策，实现集中领导、高效决策、统一部署，统筹整合各方面资源和力量推进全面依法治国。</span></li><li><span class=\"ql-size-large\">要推动把社会主义核心价值观贯穿立法、执法、司法、守法各环节，使社会主义法治成为良法善治。</span></li><li><span class=\"ql-size-large\">要支持人大、政府、政协、监察机关、审判机关、检察机关依法依章程履行职责，各有关部门要扎扎实实做好工作，形成工作合力。</span></li><li><span class=\"ql-size-large\">要压实地方落实全面依法治国的责任，确保党中央关于全面依法治国的决策部署落到实处。</span></li><li><span class=\"ql-size-large\">要加强对工作落实情况的指导督促、考核评价，及时了解进展、发现问题、提出建议。</span></li><li><span class=\"ql-size-large\">委员会各协调小组要在各自领域发挥作用，加强对相关领域法治工作的协调。</span></li></ul><p><strong class=\"ql-size-large\"> 习近平兼任多个委员会主任</strong></p><p><span style=\"color: rgb(79, 79, 79);\" class=\"ql-size-large\">在本次机构改革中新增的党的机构，还有国家监察委和中央审计委员会。</span></p><p><span style=\"color: rgb(79, 79, 79);\" class=\"ql-size-large\">国家监察委主任杨晓渡早在今年“两会”期间就已经当选。</span></p><p><span style=\"color: rgb(79, 79, 79);\" class=\"ql-size-large\">中央审计委员会第一次会议则开在今年5月下旬召开，委员会主任同样由习近平担任，副主任由李克强和赵乐际担任。</span></p><p><span style=\"color: rgb(79, 79, 79);\" class=\"ql-size-large\">此外，四个由“小组”而来的“委员会”陆续也已开始常态工作，特别是中央财经委员会已经开了两次会议。</span></p><p><span style=\"color: rgb(79, 79, 79);\" class=\"ql-size-large\">这四个小组变为委员会前，习近平就已经担任了三个小组的组长，由“组长”变成“主任”，算是继续之前的工作。</span></p><p><span style=\"color: rgb(79, 79, 79);\" class=\"ql-size-large\">而此前中央外事工作领导小组多披露的是办公室主任，由国务委员兼任。今年5月中旬召开的中央外事委员会第一次会议显示，习近平已担任外事委主任。这个变化说明了党中央对外事工作的重视程度。</span></p><p class=\"ql-align-center\"><span style=\"color: rgb(79, 79, 79);\" class=\"ql-size-large\"><img src=\"http://n.sinaimg.cn/news/transform/778/w550h228/20180825/VgAZ-hicsiaw7754933.png\"></span></p><p><span class=\"ql-size-large\">目前，只有中央网络安全和信息化委员会还没披露具体信息。</span></p><p><span class=\"ql-size-large\">中央财经委第一次会议在4月初，相对常规，会上重提了“三大攻坚战”。不足百天，第二次会议即召开。7月13日，习近平在中央财经委第二次会议上强调要提高关键核心技术创新能力。这与外部环境持续恶化不无关系。</span></p><p><span class=\"ql-size-large\">此外，机构改革还新组建了中央教育工作领导小组，目前还未披露领导班子和组织架构。</span></p><p><strong class=\"ql-size-large\"> 中央全面依法治国委员会成立之前</strong></p><p><span style=\"color: rgb(79, 79, 79);\" class=\"ql-size-large\">去年10月召开的十九大首次提出要成立“中央全面依法治国领导小组”。</span></p><p><span style=\"color: rgb(79, 79, 79);\" class=\"ql-size-large\">从过往的各个重要会议中政知见（微信ID：bqzhengzhiju）注意到，新委员会的成立有个过程。</span></p><p><span style=\"color: rgb(79, 79, 79);\" class=\"ql-size-large\">2013年1月，十八大后召开的第一次全国政法工作会上，习近平作出重要批示，首次提出建设“法治中国”的新要求。</span></p><p><span style=\"color: rgb(79, 79, 79);\" class=\"ql-size-large\">2014年10月，党的十八届四中全会提出，必须“全面推进依法治国”，同时指出，全面推进依法治国必须坚持五大基本原则：</span></p><ul><li><span class=\"ql-size-large\">坚持中国共产党的领导</span></li><li><span class=\"ql-size-large\">坚持人民主体地位</span></li><li><span class=\"ql-size-large\">坚持法律面前人人平等</span></li><li><span class=\"ql-size-large\">坚持依法治国和以德治国相结合</span></li><li><span class=\"ql-size-large\">坚持从中国实际出发</span></li></ul><p><span class=\"ql-size-large\">十九大期间，时任中国国务院法制办公室党组书记、副主任袁曙宏在新闻发布会上曾介绍成立中央全面依法治国领导小组的考虑。</span></p><p class=\"ql-align-center\"><span style=\"color: rgb(79, 79, 79);\" class=\"ql-size-large\"><img src=\"http://n.sinaimg.cn/news/crawl/82/w550h332/20180825/4iNT-hicsiaw7722688.jpg\"></span></p><ol><li><span class=\"ql-size-large\">中国共产党作为执政党，对全面依法治国至关重要。要把党的领导贯彻到全面依法治国的全过程和各方面，坚持党领导立法、保证执法、支持司法、带头守法。</span></li><li><span class=\"ql-size-large\">全面依法治国是一项涉及面十分广泛的系统工程，涉及到经济建设、政治建设、文化建设、社会建设、生态文明建设和国防军队建设、党的建设等各个领域，涉及到改革发展稳定、内政外交国防、治党治国治军等各个方面。</span></li><li><span class=\"ql-size-large\">全面依法治国是一项长期艰巨复杂的任务，它改变的是人们的观念、改变的是人们的行为。</span></li><li><span class=\"ql-size-large\">十九大报告在调研起草过程中，很多地方和部门都提出，建议中央成立全面依法治国领导小组，加强对全面依法治国的集中统一领导。</span></li></ol><p><span class=\"ql-size-large\">资料 | 新华社&nbsp;央视&nbsp;中新社&nbsp;人民网</span></p><h1><span class=\"ql-size-large\">校对 | 李喆</span></h1>', '2018-08-26   17:03:50', '中央', b'1');
INSERT INTO `news_info` VALUES (31, '希腊发现3000多年历史古墓：骨架、石棺、双耳瓶', '杨之', '<p class=\"ql-align-justify\"><span class=\"ql-size-large\">	（原标题：希腊发现3000多年历史古墓：骨架、石棺、双耳瓶）</span></p><p class=\"ql-align-justify\"><span class=\"ql-size-large\">	中新网8月26日电 据外媒报道，希腊文化部表示，希腊古物管理局的考古学家们，近期在克里特岛发现一个没被挖掘，历史为3000多年的古墓。</span></p><p class=\"ql-align-justify\"><span class=\"ql-size-large\">	据报道，当地居民偶然发现了这个古墓，他在距离一个村子不远的橄榄园，看到一个直径1.2米、深2.5米的坑。他把这一发现告诉了希腊古物管理局。</span></p><p class=\"ql-align-justify\"><span class=\"ql-size-large\">	在挖掘过程中，考古学家们找到了一个用石灰石做的墓室。到墓室的路是垂直的，墓室入口被黏土密封。</span></p><p class=\"ql-align-center\"><span class=\"ql-size-large\"><img src=\"http://crawl.nosdn.127.net/af31d85ea7b6abddc888b2a8e7655e5e.jpg\" alt=\"古墓中有一些双耳瓶。(图片来源：俄罗斯卫星网)\"></span></p><p class=\"ql-align-justify\"><span class=\"ql-size-large\">	古墓中有一些双耳瓶。(图片来源：俄罗斯卫星网)</span></p><p class=\"ql-align-justify\"><span class=\"ql-size-large\">	墓室的内部分为三个壁龛。南面的壁龛是一个带盖石棺。里面是一个保存完好的成年人骨架。在石棺前找到14个双耳瓶和1个碗。</span></p><p class=\"ql-align-justify\"><span class=\"ql-size-large\">	考古学家在北面的壁龛里找到了一个有成年人骨架和6个小双耳瓶的石棺。希腊文化部表示，所有容器完整无损，制作精良并且保存完好。</span></p><p class=\"ql-align-justify\"><span class=\"ql-size-large\">	根据对陶器的评估，可以判定这个古墓是米诺斯时期的，大约是公元前1400年到公元前1200年的古墓。</span></p><p class=\"ql-align-center\"><span class=\"ql-size-large\">			</span></p><p class=\"ql-align-justify\"><span class=\"ql-size-large\">	</span><a href=\"https://news.163.com/\" target=\"_blank\" style=\"color: rgb(15, 107, 153);\" class=\"ql-size-large\"><img src=\"http://static.ws.126.net/cnews/css13/img/end_news.png\" alt=\"杨强\" height=\"12\" width=\"13\"></a><span class=\"ql-size-large\">&nbsp;本文来源：中国新闻网</span></p><p class=\"ql-align-justify\"><span class=\"ql-size-large\">责任编辑：杨强_NN6027</span></p><p class=\"ql-align-right\"><br></p>', '2018-08-26   17:04:25', '希腊 考古', b'0');
INSERT INTO `news_info` VALUES (32, '乌鲁木齐市长：维吾尔族不是突厥人后裔', '杨之', '<blockquote><span class=\"ql-size-large\">原标题：乌鲁木齐市长：维吾尔族不是突厥人后裔</span></blockquote><blockquote><br></blockquote><p><span class=\"ql-size-large\">乌鲁木齐晚报8月20日发表署名为乌鲁木齐市委副书记、市长 牙生·司地克的评论文章。文章指出，维吾尔族自古以来就是中华民族血脉相连的家庭成员，不是突厥人后裔，更与土耳其人没有任何关系。我们一定要擦亮眼睛，明辨是非，深刻认清新疆各民族是中华民族血脉相连的家庭成员，倍加珍惜来之不易的和谐稳定局面。</span></p><p><br></p><p><strong class=\"ql-size-large\">以下为文章全文：</strong></p><p><br></p><p><span class=\"ql-size-large\">新疆是祖国领土不可分割的一部分，是我们各民族共同生活、繁衍的家园。在中国共产党的坚强领导下，新疆各族人民扎根于这片沃土，手足相亲、守望相助、团结拼搏，创造出了今天的美好生活。幸福生活来之不易，但“三股势力”却打着民族、宗教的幌子，煽动民族仇视，制造宗教狂热，实施丧失人性的暴恐活动，极大地损害了新疆各族人民的共同利益，严重地破坏了我们共同的美丽家园。面对这些人，我们应该怎么做？是退缩吗？是妥协吗？不，都不是！我们应该勇敢站出来！以雷霆万钧之势向“三股势力”正面宣战！埋葬我们的敌人！骄傲地呐喊：我们是中国人！我们的民族是中华民族！</span></p><p><br></p><p><span class=\"ql-size-large\">牢固树立中华民族共同体意识，深刻认清新疆各民族是中华民族血脉相连的家庭成员。生活在新疆这片热土上的各民族经过不断迁徙、相互融合，构成了现今55个民族聚居分布的民族格局。然而，“三股势力”违背历史事实，肆意篡改维吾尔族的来源和发展，宣扬诸如“维吾尔人是突厥人后裔”“土耳其人和维吾尔人是兄弟”等谬论。可笑至极！维吾尔族自古以来就是中华民族血脉相连的家庭成员，不是突厥人后裔，更与土耳其人没有任何关系。我们一定要擦亮眼睛，明辨是非，深刻认清新疆各民族是中华民族血脉相连的家庭成员，倍加珍惜来之不易的和谐稳定局面。</span></p><p><br></p><p><span class=\"ql-size-large\">牢固树立中华民族共同体意识，深刻认清新疆地区既是新疆各民族的家园，更是中华民族共同家园的组成部分。新疆地区自古以来就是多民族聚居的地区，各民族都为开发、建设、保卫新疆作出了重要贡献，都是新疆的主人。“三股势力”歪曲历史事实，大肆散布“我们的国家是东突厥斯坦”“维吾尔族土著论”等谬论，毫无历史认知、毫无文化常识，荒诞之极、愚蠢之极、令人不耻。我们每个人都应该好好想一想，你想过像阿富汗、叙利亚、利比亚这些国家天天爆炸、袭击，东躲西藏、家破人亡的生活吗？你想过回食不果腹、缺衣少穿的日子吗？好好想一想吧！现在的幸福生活都是谁给的？是“胡大”“安拉”吗？是“三股势力”吗？都不是！是我们伟大的中国共产党带领我们各族人民群众共同创造的！我们一定要认清“三股势力”分裂祖国的罪恶图谋和分裂人民的险恶用心，彻底把“三股势力”挖出来、打干净，守护好新疆各民族共同的家园，守护好我们中华民族共同的家园。</span></p><p><br></p><p><span class=\"ql-size-large\">牢固树立中华民族共同体意识，清醒认清实现中华民族伟大复兴的中国梦是各族人民的共同利益所在。中华民族一家亲，同心共筑中国梦，是全体中华儿女的共同心愿，也是全疆各族人民的共同目标。但是，“三股势力”“两面人”居心叵测，意图破坏国家富强和人民幸福。最为典型的就是沙塔尔·沙吾提、阿力木江·买买提明分裂集团，他们肆意歪曲事实、篡改历史、滥用职权、谋取私利，所犯下的罪行滔天、罪无可恕。我们要清醒地认识到反对民族分裂、维护祖国统一、实现社会稳定和长治久安，是国家最高利益所在，也是新疆各族人民根本利益所在。我们要牢固树立中华民族共同体意识，牢记团结稳定是福，分裂动乱是祸，对待“三股势力”，要以你死我活的决心予以毁灭性的打击，对待“两面人”，要以誓不两立的态度予以彻底清除，坚决做到守土有责，守土尽责，让和睦相处、和衷共济、和谐发展的民族团结之花开遍天山南北，共同谱写中华民族伟大复兴中国梦的新疆篇章！</span></p><p><br></p><p><span class=\"ql-size-large\">来源：乌鲁木齐晚报</span></p><p class=\"ql-align-right\"><span class=\"ql-size-large\">责任编辑：余鹏飞</span></p>', '2018-08-26   17:06:13', '乌鲁木齐', b'1');

-- ----------------------------
-- Table structure for organization
-- ----------------------------
DROP TABLE IF EXISTS `organization`;
CREATE TABLE `organization`  (
  `Organ_Id` int(11) NOT NULL AUTO_INCREMENT,
  `Organ_Name` varchar(20) CHARACTER SET utf8 COLLATE utf8_general_ci NOT NULL,
  PRIMARY KEY (`Organ_Id`) USING BTREE
) ENGINE = InnoDB AUTO_INCREMENT = 57 CHARACTER SET = utf8 COLLATE = utf8_general_ci ROW_FORMAT = Compact;

-- ----------------------------
-- Records of organization
-- ----------------------------
INSERT INTO `organization` VALUES (1, '武汉市政府办公厅');
INSERT INTO `organization` VALUES (2, '洪山区税务局');
INSERT INTO `organization` VALUES (3, '洪山区工商局');
INSERT INTO `organization` VALUES (4, '洪山区地质局');
INSERT INTO `organization` VALUES (5, '湖北省政府办公厅');
INSERT INTO `organization` VALUES (6, '武汉市工商局');
INSERT INTO `organization` VALUES (7, '湖北省纪检委');
INSERT INTO `organization` VALUES (55, '武汉纪检委');
INSERT INTO `organization` VALUES (56, '洪山区教育局');

-- ----------------------------
-- Table structure for person_info
-- ----------------------------
DROP TABLE IF EXISTS `person_info`;
CREATE TABLE `person_info`  (
  `Person_Id` int(11) NOT NULL AUTO_INCREMENT,
  `Job_Id` int(11) DEFAULT NULL,
  `Username` varchar(20) CHARACTER SET utf8 COLLATE utf8_general_ci NOT NULL,
  `Password` varchar(20) CHARACTER SET utf8 COLLATE utf8_general_ci NOT NULL,
  `Realname` char(10) CHARACTER SET utf8 COLLATE utf8_general_ci NOT NULL,
  `Gender` char(2) CHARACTER SET utf8 COLLATE utf8_general_ci NOT NULL,
  `Telephone` varchar(20) CHARACTER SET utf8 COLLATE utf8_general_ci NOT NULL,
  `Email` varchar(50) CHARACTER SET utf8 COLLATE utf8_general_ci DEFAULT NULL,
  `IsAdmin` bit(1) NOT NULL,
  PRIMARY KEY (`Person_Id`) USING BTREE,
  INDEX `FK_Person_Job`(`Job_Id`) USING BTREE,
  CONSTRAINT `FK_Person_Job` FOREIGN KEY (`Job_Id`) REFERENCES `job_info` (`Job_Id`) ON DELETE CASCADE ON UPDATE CASCADE
) ENGINE = InnoDB AUTO_INCREMENT = 134 CHARACTER SET = utf8 COLLATE = utf8_general_ci ROW_FORMAT = Compact;

-- ----------------------------
-- Records of person_info
-- ----------------------------
INSERT INTO `person_info` VALUES (1, 29, 'Yang', 'admin', '杨之', '男', '17786468646', '1012401749@163.com', b'1');
INSERT INTO `person_info` VALUES (3, 3, 'ccc', 'aaa', 'sss', '男', '55454545', 'afa45641@163.com', b'0');
INSERT INTO `person_info` VALUES (4, 4, 'camus', '123', '军鹏', '男', '156324', '466556@155.com', b'0');
INSERT INTO `person_info` VALUES (5, 19, 'aaa', 'aal', 'mlkmo', '女', '23333', 'afa45641@163.com', b'1');
INSERT INTO `person_info` VALUES (6, 18, 'sss', 'gjhj', 'lkjkk', '男', '979999', '6566@15.com', b'0');
INSERT INTO `person_info` VALUES (7, 15, 'asas', '215', '李一', '男', '564348565', '4646641@123.com', b'1');
INSERT INTO `person_info` VALUES (8, 55, 'dfdf', '4165', 'kuku', '男', '45455465', '6566@15.com', b'0');
INSERT INTO `person_info` VALUES (9, 60, 'uuj', 'ooo', 'sdsd', '男', '87545', '6566@15.com', b'1');
INSERT INTO `person_info` VALUES (10, 44, 'eiu', 'ert', 'sjd', '男', '78979', '6566@15.com', b'0');
INSERT INTO `person_info` VALUES (11, 34, 'ajsdhahjdh', '4565', '开开', '男', '5454', '45615641@111.com', b'1');
INSERT INTO `person_info` VALUES (12, 55, 'kjhnj', '4455', '凯', '男', '545', '4564156@151.com', b'0');
INSERT INTO `person_info` VALUES (13, 38, 'jhjhk', '54544', '牢牢', '男', '85758', '5884884@152.com', b'0');
INSERT INTO `person_info` VALUES (14, 26, 'jkj', '6565', '加价', '男', '5544545', '4545634@151.com', b'1');
INSERT INTO `person_info` VALUES (15, 1, 'jijij', '15455', '拉斯', '男', '5485454', 'afa45641@163.com', b'0');
INSERT INTO `person_info` VALUES (18, 34, 'jhjjj', '8787', 'hhvh', '男', '815466', 'afa45641@163.com', b'1');
INSERT INTO `person_info` VALUES (19, 24, 'yfnhy', '71526', 'gdmco', '女', '8216521', 'afa45641@163.com', b'0');
INSERT INTO `person_info` VALUES (20, 11, 'hgdfk', '8163296', 'frcmo', '女', '85545', 'afa45641@163.com', b'1');
INSERT INTO `person_info` VALUES (44, 41, 'aaa', '1215', '张毅', '男', '21654651521', '45645645@163.com', b'1');
INSERT INTO `person_info` VALUES (52, 48, 'ccc', 'aaa', 'sss', '男', '55454545', '45645645@163.com', b'0');
INSERT INTO `person_info` VALUES (53, 59, 'aaa', 'aal', 'mlkmo', '女', '23333', '45645645@163.com', b'1');
INSERT INTO `person_info` VALUES (54, 55, 'sss', 'gjhj', 'lkjkk', '男', '979999', '45645645@163.com', b'0');
INSERT INTO `person_info` VALUES (55, 46, 'nnn', '5455', 'hsfj', '男', '54554', '45645645@163.com', b'1');
INSERT INTO `person_info` VALUES (57, 11, 'uuj', 'ooo', 'sdsd', '男', '87545', '45645645@163.com', b'1');
INSERT INTO `person_info` VALUES (58, 25, 'eiu', 'ert', 'sjd', '男', '78979', '45645645@163.com', b'0');
INSERT INTO `person_info` VALUES (59, 44, 'rrr', 'opo', 'que', '男', '87887', '45645645@163.com', b'0');
INSERT INTO `person_info` VALUES (66, 33, 'jhjjj', '8787', 'hhvh', '男', '815466', '45645645@163.com', b'1');
INSERT INTO `person_info` VALUES (67, 11, 'yfnhy', '71526', 'gdmco', '女', '8216521', 'afa45641@163.com', b'0');
INSERT INTO `person_info` VALUES (68, 9, 'hgdfk', '8163296', 'frcmo', '女', '85545', 'afa45641@163.com', b'1');
INSERT INTO `person_info` VALUES (69, NULL, '', '', '', '', '', NULL, b'0');
INSERT INTO `person_info` VALUES (131, 1, '2313', '31231', '2131', '男', '1313', '12313@163.com', b'0');
INSERT INTO `person_info` VALUES (132, 4555, 'Camus', '123456', '羊羊羊', '男', '6312666164', '1321@163.com', b'1');
INSERT INTO `person_info` VALUES (133, 16, 'Camus', '123456', 'yang', '男', '13515616', '156165@163.com', b'0');

-- ----------------------------
-- Event structure for m
-- ----------------------------
DROP EVENT IF EXISTS `m`;
delimiter ;;
CREATE DEFINER = `root`@`localhost` EVENT `m`
ON SCHEDULE
EVERY '1' SECOND STARTS '2018-08-24 22:51:08'
DO IF (select count(*) from logs) > 200 then delete from logs limit 1;END IF
;;
delimiter ;

SET FOREIGN_KEY_CHECKS = 1;
